Customer_ID,Age,Income,Loan_Amount,Credit_Score,Loan_Term_months,Default_Status
100001,38,49500,52000,703,36,Yes
100002,26,48500,28000,757,36,No
100003,42,41000,53000,580,60,Yes
100004,43,66000,16000,669,48,No
100005,21,60500,36500,752,36,No
100006,23,28000,33500,695,36,No
100007,36,27500,14000,800,36,No
100008,32,65500,34000,572,48,No
100009,35,39000,48000,563,24,Yes
100010,27,62500,72000,748,60,Yes
100011,43,76500,24500,755,36,No
100012,42,32500,28000,676,60,No
100013,36,30500,14000,720,60,No
100014,45,111000,49500,746,12,No
100015,39,64000,58000,629,36,No
100016,27,46000,16000,637,36,No
100017,38,37000,27500,704,36,No
100018,26,44500,22000,758,48,No
100019,43,33500,39500,603,24,Yes
100020,35,79500,66500,675,36,No
100021,33,39500,17500,672,60,No
100022,29,87000,110000,721,60,No
100023,46,46500,53500,689,12,No
100024,34,35500,18000,649,60,No
100025,31,46000,60000,784,24,No
100026,32,18500,9500,650,36,No
100027,40,52500,28000,668,24,No
100028,38,51000,33000,571,36,No
100029,39,78000,30500,636,12,No
100030,39,25000,25000,729,24,No
100031,54,89500,75500,714,36,No
100032,31,77500,95000,735,60,No
100033,30,93000,44500,731,36,No
100034,28,54000,21500,847,48,No
100035,41,84000,51500,634,36,No
100036,45,29500,11000,569,36,No
100037,34,74000,95500,611,12,No
100038,27,40000,41000,637,24,No
100039,28,27500,30500,617,36,No
100040,41,34500,36500,697,60,No
100041,42,55000,26500,784,24,No
100042,40,39000,14000,805,48,No
100043,29,64500,45000,728,48,No
100044,37,25500,29500,850,60,No
100045,36,22500,13000,663,36,No
100046,37,98000,20500,568,60,No
100047,43,80500,77000,769,36,No
100048,37,35500,15500,552,36,No
100049,41,55000,45500,633,48,No
100050,36,84500,18500,729,24,No
100051,38,65500,51500,682,48,No
100052,41,58500,38000,676,36,No
100053,22,87000,105500,601,48,No
100054,32,40500,41500,689,60,No
100055,31,55500,13500,765,36,No
100056,29,54500,60500,691,12,No
100057,33,49000,54500,628,36,No
100058,48,46500,45000,596,60,Yes
100059,27,56500,71500,629,36,Yes
100060,44,56000,63000,719,60,No
100061,21,35500,16000,716,36,No
100062,32,77000,49000,630,36,No
100063,36,36500,22000,524,60,Yes
100064,40,50000,39000,722,48,No
100065,41,48500,63000,623,36,Yes
100066,42,64000,58000,742,12,No
100067,32,22500,12500,633,60,Yes
100068,31,80000,102500,616,48,Yes
100069,43,41500,41500,701,36,No
100070,33,92000,46500,850,36,No
100071,24,45000,56000,746,24,No
100072,25,54000,32000,700,36,No
100073,27,123000,97500,717,24,No
100074,39,49000,37000,559,24,Yes
100075,36,92500,117000,606,48,Yes
100076,41,56000,28500,502,36,No
100077,31,65500,38000,820,48,No
100078,36,56500,54000,805,36,Yes
100079,41,78500,95500,719,12,No
100080,32,41000,13500,700,36,No
100081,39,36500,16000,574,24,Yes
100082,29,42000,54000,674,48,No
100083,32,57500,63000,824,60,No
100084,32,50000,30000,700,48,No
100085,24,74000,45000,648,48,No
100086,39,95000,70500,558,60,No
100087,31,36500,35500,794,48,No
100088,35,40500,34000,685,36,No
100089,39,30000,33000,558,48,Yes
100090,39,129000,34000,621,36,No
100091,41,62500,71500,594,12,Yes
100092,34,67500,18000,680,48,No
100093,31,31500,38000,706,48,No
100094,34,55000,13500,652,24,No
100095,21,68000,23500,748,60,No
100096,22,49500,20000,696,12,No
100097,23,86500,39500,770,48,No
100098,26,145000,96000,663,60,No
100099,39,37000,35500,850,36,No
100100,27,36000,44000,648,60,Yes
100101,32,38000,30500,622,48,No
100102,47,108000,87500,613,48,Yes
100103,32,85000,48000,674,60,No
100104,42,52000,58500,561,36,Yes
100105,27,56000,18500,712,36,No
100106,33,39000,21500,547,36,No
100107,26,80000,25000,702,36,No
100108,32,47000,21000,589,36,Yes
100109,43,49500,43500,661,24,Yes
100110,21,71000,24500,735,36,Yes
100111,39,51000,16000,850,48,No
100112,37,50000,57500,609,60,Yes
100113,30,55000,18500,679,60,No
100114,22,77000,69000,636,24,Yes
100115,36,110000,66500,625,36,No
100116,30,70500,87000,636,36,No
100117,37,77000,78000,752,24,No
100118,35,50500,13500,653,36,No
100119,49,41000,50500,850,36,No
100120,33,72500,49000,721,60,No
100121,26,59000,32000,614,24,Yes
100122,37,30500,29500,662,48,Yes
100123,37,48000,49000,630,60,Yes
100124,47,53000,29000,750,48,No
100125,43,44500,27000,567,24,No
100126,38,102500,39000,589,36,No
100127,48,67500,59500,646,60,No
100128,24,98000,127500,741,12,No
100129,29,61500,42000,782,24,No
100130,27,57000,76500,794,60,No
100131,31,37000,15000,730,48,No
100132,23,55500,62000,684,48,Yes
100133,41,55500,70500,750,24,No
100134,33,31000,30500,604,36,No
100135,22,44000,14500,552,48,No
100136,26,48000,27500,723,36,No
100137,38,65500,19500,615,24,No
100138,43,67000,60000,685,12,No
100139,53,43000,58000,699,36,No
100140,61,67000,42500,709,36,No
100141,39,51000,20000,760,60,No
100142,26,18000,9000,752,36,No
100143,21,45000,38500,705,24,No
100144,37,86500,74000,657,60,No
100145,28,27000,12500,698,60,No
100146,31,57500,61000,645,48,Yes
100147,29,107000,32000,675,60,Yes
100148,34,40000,36500,850,24,No
100149,45,55000,38000,704,36,No
100150,36,32000,11000,724,24,No
100151,34,109000,101500,637,36,Yes
100152,26,53000,51500,767,48,No
100153,21,56000,39500,747,48,No
100154,31,97000,108500,748,12,No
100155,35,72500,57000,706,36,No
100156,51,38000,20000,768,60,No
100157,36,42000,54500,785,36,No
100158,44,67500,87000,711,36,Yes
100159,31,42500,13000,681,36,Yes
100160,24,22500,29000,757,36,No
100161,26,54000,59000,622,36,Yes
100162,28,29500,9500,636,36,No
100163,54,108500,86500,686,36,No
100164,28,59000,14000,559,36,No
100165,43,37500,33000,752,36,No
100166,27,41000,52000,618,12,No
100167,43,25000,15500,655,12,No
100168,38,34500,27000,674,36,No
100169,34,84500,39000,693,60,No
100170,35,140500,115500,664,48,No
100171,29,74500,83500,685,24,Yes
100172,39,53000,23500,686,36,No
100173,31,46000,38500,656,36,No
100174,24,37000,22500,632,36,No
100175,23,130500,138500,771,48,No
100176,37,51000,51500,532,60,No
100177,49,133500,134000,675,24,Yes
100178,36,99000,63000,655,36,No
100179,34,26500,23500,721,36,No
100180,38,41500,39500,581,36,Yes
100181,47,41500,41000,653,24,No
100182,37,53000,45500,682,36,No
100183,31,53500,64000,770,12,No
100184,45,193500,94000,715,48,No
100185,39,35000,9000,601,36,Yes
100186,49,60500,79000,653,36,Yes
100187,37,71500,19500,756,60,No
100188,24,55000,68000,600,48,Yes
100189,23,57500,52000,684,36,No
100190,50,35500,44500,689,60,No
100191,51,57500,49000,661,48,No
100192,33,68000,78000,850,24,No
100193,32,63000,65000,659,36,Yes
100194,48,70000,56500,724,36,No
100195,25,99500,61500,633,36,No
100196,27,81500,16500,730,60,No
100197,41,56500,27500,755,36,No
100198,31,33500,43500,646,12,Yes
100199,35,42500,22000,686,36,No
100200,34,50000,53000,623,48,No
100201,38,61000,48000,604,36,No
100202,48,45000,25000,768,12,No
100203,36,37000,49500,648,36,No
100204,41,33500,8500,509,48,No
100205,21,27500,24000,822,24,No
100206,35,50000,36500,630,36,No
100207,27,29500,8500,672,24,No
100208,24,36000,16000,813,36,No
100209,27,46500,46500,679,24,No
100210,32,31500,10000,678,24,No
100211,43,64500,72500,598,48,No
100212,23,75000,69000,567,24,No
100213,35,43500,13500,678,24,Yes
100214,31,46000,24500,717,36,No
100215,32,69000,24500,713,12,No
100216,44,40500,45000,654,12,Yes
100217,40,39500,32000,692,36,No
100218,47,91000,18500,552,36,No
100219,34,79500,65500,725,36,No
100220,29,71000,53500,702,60,No
100221,33,81000,76000,838,36,No
100222,37,24000,6000,691,36,No
100223,37,97000,23500,619,60,No
100224,25,65000,39000,686,36,No
100225,36,84000,83500,665,48,No
100226,37,64500,62500,723,36,No
100227,58,56000,29000,692,36,No
100228,52,49000,22000,596,60,Yes
100229,27,64000,63000,567,12,No
100230,32,48500,11000,710,60,No
100231,22,79000,66500,794,36,No
100232,30,28000,19500,696,36,No
100233,38,44000,21000,751,36,No
100234,46,130000,104000,766,36,No
100235,28,42500,19000,710,12,No
100236,29,50000,42500,629,60,No
100237,21,38000,14000,705,36,No
100238,34,63500,42500,781,60,No
100239,25,40500,32000,730,36,No
100240,30,51000,12000,746,36,No
100241,27,78500,71000,655,36,No
100242,34,41000,43500,675,24,No
100243,21,76500,99500,681,36,No
100244,22,77500,33500,686,60,No
100245,54,85500,37500,778,60,No
100246,23,58500,32000,514,36,Yes
100247,25,214500,150000,692,36,Yes
100248,52,85500,57000,684,36,No
100249,61,63000,34500,587,36,No
100250,24,38000,40000,740,48,No
100251,32,53000,13000,636,36,No
100252,38,100000,83000,663,12,Yes
100253,51,113000,81000,829,12,No
100254,26,102500,94000,766,60,No
100255,33,76500,79500,733,48,Yes
100256,42,32500,18500,719,60,No
100257,39,67500,63000,678,36,Yes
100258,32,32500,26000,840,36,No
100259,34,29500,10500,750,36,No
100260,23,61000,74000,634,60,No
100261,33,68500,73000,585,36,No
100262,33,80500,101500,733,48,No
100263,37,68000,70000,686,24,No
100264,30,69000,33000,583,24,No
100265,39,36500,25500,722,24,Yes
100266,44,52500,34000,670,36,No
100267,36,29000,7000,730,48,No
100268,38,23500,16000,723,60,No
100269,35,75000,45000,644,36,Yes
100270,35,40000,8000,737,36,No
100271,29,79500,93500,653,48,No
100272,38,87500,32000,658,12,No
100273,34,42500,33000,650,48,No
100274,54,70500,77500,775,48,No
100275,49,41500,37000,669,36,No
100276,38,25500,10000,793,12,No
100277,28,58000,53000,824,24,No
100278,25,45000,48000,635,36,No
100279,46,45500,54000,471,60,Yes
100280,37,126000,71500,768,36,No
100281,39,29000,7000,664,36,No
100282,21,64500,58000,625,36,No
100283,43,36000,16500,646,48,Yes
100284,39,80500,88500,659,36,No
100285,25,62500,61500,787,24,No
100286,31,64500,70500,702,36,No
100287,37,37000,48500,786,36,No
100288,35,40000,35000,727,36,No
100289,32,81000,100500,667,36,No
100290,34,115500,108500,661,24,No
100291,33,67500,27500,732,60,No
100292,36,37500,42000,752,48,No
100293,48,63500,63500,765,60,No
100294,21,152500,150000,670,60,No
100295,33,57500,27500,703,36,No
100296,37,101500,59000,734,36,No
100297,38,40500,46500,661,48,Yes
100298,32,54000,14500,605,12,No
100299,21,71500,66500,630,60,Yes
100300,38,65000,53000,672,12,No
100301,51,40000,16000,740,36,No
100302,21,39000,15000,784,36,No
100303,43,83500,94500,588,60,No
100304,32,90500,19500,645,36,No
100305,34,104000,110000,663,36,No
100306,26,117500,122500,750,36,No
100307,32,58000,55000,650,36,No
100308,47,48500,32500,658,48,Yes
100309,40,97000,22500,584,36,No
100310,51,74000,83000,726,48,No
100311,46,36500,12500,678,12,No
100312,39,35500,18500,641,36,No
100313,51,67500,87000,671,60,No
100314,39,51000,28000,775,36,No
100315,42,54500,27000,615,36,No
100316,32,86500,114000,627,36,No
100317,36,75500,22500,784,60,No
100318,29,96000,37000,696,24,No
100319,44,24500,17000,740,36,No
100320,24,61000,67500,720,60,No
100321,42,73500,89500,687,36,No
100322,33,29000,31000,664,36,Yes
100323,46,42000,55500,752,36,No
100324,42,38500,8500,777,36,No
100325,51,55500,50500,771,60,No
100326,42,109000,36500,601,36,No
100327,21,128500,150000,788,60,No
100328,34,39000,49500,663,60,Yes
100329,24,68500,37500,633,36,No
100330,30,69500,80000,677,36,No
100331,49,64500,59500,752,36,No
100332,41,65000,20500,731,48,No
100333,29,62500,56000,671,36,Yes
100334,26,111500,147500,753,24,Yes
100335,35,87500,48500,700,60,No
100336,24,35000,7000,647,36,No
100337,29,77000,102000,637,60,No
100338,38,80000,54000,721,36,No
100339,45,63000,44000,684,36,No
100340,40,88500,90000,587,48,No
100341,21,59500,53500,754,48,No
100342,38,60000,33000,654,12,No
100343,36,58000,18500,809,36,No
100344,39,23500,27000,585,48,No
100345,50,53000,40000,676,60,Yes
100346,21,41500,40500,638,12,No
100347,30,33500,40000,617,36,Yes
100348,40,100500,22000,653,36,No
100349,21,68000,81000,823,24,No
100350,48,54500,58000,701,12,No
100351,38,43500,56000,631,36,No
100352,43,62500,29500,553,36,Yes
100353,30,83500,47500,561,36,Yes
100354,42,39000,37500,650,36,No
100355,45,55000,69500,642,60,No
100356,37,79000,106000,673,36,No
100357,37,24500,16500,520,48,Yes
100358,37,53500,44000,683,36,No
100359,27,46000,18000,767,48,No
100360,34,52000,52000,812,48,No
100361,34,44500,52000,548,36,Yes
100362,38,58500,65500,630,36,No
100363,44,123500,74000,626,48,No
100364,25,48000,63000,701,36,No
100365,34,62000,21000,599,48,No
100366,48,127000,97500,816,36,Yes
100367,28,43500,36500,693,36,Yes
100368,28,118000,96500,681,60,Yes
100369,37,55000,59000,809,24,No
100370,43,116000,104500,689,24,No
100371,35,75500,22000,720,24,No
100372,47,62500,25500,634,60,No
100373,43,53500,43500,587,24,No
100374,43,42500,42500,644,24,No
100375,40,57000,45000,850,48,No
100376,56,80000,48500,737,48,No
100377,33,54500,14000,711,36,Yes
100378,21,48000,53000,617,60,Yes
100379,49,49500,38000,758,12,No
100380,31,83500,68500,588,36,No
100381,36,92000,68000,572,36,No
100382,47,41500,21000,648,36,No
100383,21,41500,21500,837,60,No
100384,24,64500,17500,832,36,No
100385,21,104500,106000,656,24,Yes
100386,28,89000,45500,639,24,No
100387,39,32500,17500,567,24,No
100388,40,49000,66000,696,60,Yes
100389,37,37000,24000,702,24,No
100390,22,49000,38500,749,60,No
100391,21,108000,69500,758,24,No
100392,35,30500,16500,675,60,No
100393,31,28000,6000,732,48,No
100394,39,39000,46000,637,24,No
100395,41,62000,46000,730,24,No
100396,36,71500,73500,652,48,No
100397,42,66000,86000,724,12,No
100398,37,90000,18500,718,36,No
100399,40,26000,25500,695,48,No
100400,29,90500,30500,750,60,No
100401,33,48000,35000,572,48,No
100402,37,75000,88000,610,60,No
100403,42,31500,9000,670,36,No
100404,31,55000,73500,582,48,Yes
100405,40,60500,52500,659,36,No
100406,33,89500,58500,662,48,No
100407,34,28500,6500,788,36,No
100408,42,55500,48500,701,36,Yes
100409,21,35000,27000,767,60,No
100410,23,68000,30500,713,36,No
100411,22,76000,58000,650,36,No
100412,21,94500,20500,700,36,No
100413,29,44000,59500,745,36,No
100414,42,81000,47000,780,36,No
100415,32,97500,73500,680,60,No
100416,37,27500,30500,566,36,No
100417,45,71000,72500,561,36,No
100418,47,82500,101000,666,36,No
100419,34,49500,63500,515,60,Yes
100420,47,33000,14000,825,48,No
100421,36,81500,53000,735,24,No
100422,27,33000,32500,642,36,No
100423,30,51000,13000,607,48,No
100424,22,54000,55500,767,24,No
100425,27,74500,15500,606,36,No
100426,32,42500,53000,614,36,Yes
100427,42,41500,42500,633,12,No
100428,50,57500,49000,699,60,No
100429,23,84000,58000,737,60,No
100430,39,143500,150000,779,48,No
100431,26,29000,30500,768,24,No
100432,39,63000,71000,690,60,No
100433,34,35000,40000,767,36,No
100434,21,84500,19000,640,60,No
100435,43,37000,9500,553,12,No
100436,30,41500,18000,640,24,No
100437,30,43000,41000,630,36,Yes
100438,25,53500,49000,643,60,Yes
100439,29,63000,36000,618,24,No
100440,39,67500,89000,655,36,No
100441,33,55000,17000,737,36,No
100442,38,31500,34500,819,60,No
100443,38,74500,56000,561,48,No
100444,47,54000,37000,593,60,No
100445,32,89500,20500,631,36,Yes
100446,22,41000,42500,747,60,No
100447,45,28000,30500,675,36,No
100448,32,54000,30500,636,24,No
100449,45,95000,75500,744,48,No
100450,38,59000,53000,762,36,No
100451,34,50500,31500,689,36,No
100452,38,38000,34500,629,36,Yes
100453,53,115000,80500,710,48,Yes
100454,54,35500,43000,673,48,No
100455,36,40500,41500,672,36,No
100456,36,70000,23000,652,60,No
100457,45,25000,28000,759,36,No
100458,27,94000,55500,709,24,No
100459,38,71500,91000,768,24,No
100460,35,80000,71500,790,36,No
100461,38,69500,16000,724,12,No
100462,27,51500,54000,652,48,No
100463,21,35000,12500,768,48,No
100464,21,52000,63000,725,36,No
100465,25,36500,47000,850,60,No
100466,31,67500,67500,713,60,No
100467,32,77000,62500,742,36,No
100468,52,102500,91500,712,24,No
100469,45,64500,44500,683,24,No
100470,26,81000,24000,671,36,No
100471,38,48500,61500,712,36,No
100472,31,45000,26000,729,48,No
100473,32,67000,37500,777,36,No
100474,37,47000,19500,713,36,No
100475,41,61500,82500,655,24,No
100476,32,35000,45000,665,36,No
100477,45,38000,23000,591,36,Yes
100478,25,72000,36000,815,48,No
100479,35,80000,90000,649,48,No
100480,58,36500,25000,763,36,No
100481,37,73000,96000,711,36,No
100482,48,44000,54500,713,36,Yes
100483,36,55500,59500,681,12,No
100484,40,99500,30000,631,24,Yes
100485,34,77000,77500,617,24,Yes
100486,33,77000,103000,820,12,No
100487,28,122500,77000,699,36,No
100488,39,41000,50000,774,48,No
100489,27,36500,24500,794,24,No
100490,41,40500,53500,659,24,No
100491,45,49500,47000,722,24,No
100492,38,20500,6500,693,36,No
100493,32,50500,38000,603,24,No
100494,39,44000,11500,676,12,No
100495,32,76500,50000,734,36,No
100496,43,64000,80000,653,60,No
100497,21,42500,20000,666,36,No
100498,32,70500,91000,677,24,Yes
100499,21,74500,23500,848,36,No
100500,22,40000,38500,552,24,No
100501,47,44500,58500,728,36,No
100502,43,21500,20500,671,36,No
100503,29,35000,43000,642,60,No
100504,21,40500,54500,669,60,Yes
100505,21,56500,53000,740,48,No
100506,30,37000,40500,744,24,No
100507,57,44500,10500,704,36,No
100508,39,33000,23000,772,36,No
100509,30,59000,31500,785,48,No
100510,39,66000,76000,751,12,No
100511,21,65000,63500,649,36,No
100512,32,55500,50500,727,36,No
100513,36,29000,37000,727,36,No
100514,34,42500,13000,629,36,No
100515,42,46500,60500,572,36,Yes
100516,38,46500,14500,538,36,No
100517,41,57000,34000,695,36,No
100518,29,100000,92500,712,24,No
100519,43,77500,46000,601,12,No
100520,50,36500,36000,768,60,No
100521,26,73000,79500,701,36,No
100522,27,72000,83000,791,36,No
100523,47,39000,16000,718,36,No
100524,33,78500,32000,610,36,No
100525,48,51500,13500,724,36,No
100526,31,30500,23500,740,12,No
100527,48,66500,24000,649,36,No
100528,36,60000,34000,582,36,Yes
100529,37,50000,58500,698,24,No
100530,49,54000,69500,615,48,No
100531,32,40500,46500,774,24,No
100532,27,71000,14500,659,12,No
100533,31,54000,46000,819,48,No
100534,39,59000,23000,531,60,Yes
100535,21,64000,40500,700,24,No
100536,41,34000,23500,797,48,No
100537,30,38000,49000,623,12,No
100538,45,21500,20000,678,48,No
100539,21,69500,35500,660,36,No
100540,28,33000,31000,639,48,No
100541,21,58000,75000,708,36,No
100542,28,64500,17500,593,36,Yes
100543,37,71000,81000,682,48,No
100544,33,33000,15000,729,12,No
100545,33,53500,20000,674,24,No
100546,34,111000,137000,615,36,Yes
100547,37,113000,23000,767,36,No
100548,26,83500,88000,745,12,No
100549,41,63500,19000,612,36,No
100550,41,36000,33000,593,36,No
100551,38,74500,68000,619,36,No
100552,40,51500,61500,731,60,Yes
100553,38,69500,79500,711,36,No
100554,53,42000,41500,749,36,No
100555,34,51000,32500,666,36,Yes
100556,32,59000,23000,621,24,No
100557,28,61000,57000,759,48,No
100558,26,67500,52000,648,60,Yes
100559,24,43000,12500,704,48,No
100560,27,31500,41000,574,60,Yes
100561,34,109000,61000,647,36,No
100562,38,156500,31500,766,36,No
100563,35,66500,82500,636,24,No
100564,28,31500,27000,751,60,No
100565,43,39500,41000,515,36,No
100566,42,68000,25500,648,36,No
100567,34,96500,64000,677,48,No
100568,29,33000,31000,821,36,No
100569,40,52000,25500,602,60,No
100570,37,59500,60000,740,48,No
100571,22,79000,37000,769,60,No
100572,34,47500,21000,636,36,No
100573,37,28500,6000,662,36,No
100574,27,71500,37500,701,48,No
100575,37,88000,42500,579,24,Yes
100576,22,53000,57000,656,12,Yes
100577,47,65000,55500,786,60,No
100578,46,45000,18000,729,60,No
100579,33,38500,33000,678,60,No
100580,38,84500,39000,698,12,No
100581,21,64500,44500,734,36,No
100582,25,67500,82500,748,60,No
100583,32,103500,106500,648,24,No
100584,25,35500,33500,805,36,No
100585,41,43500,23000,789,36,No
100586,53,59000,20500,741,60,No
100587,24,43500,46500,627,36,Yes
100588,27,76500,65500,613,36,No
100589,37,51000,46500,666,36,No
100590,50,36500,48000,695,24,No
100591,24,56500,34000,557,48,No
100592,37,59000,66000,727,36,No
100593,51,81500,68500,787,36,No
100594,21,65000,30500,733,36,No
100595,23,67000,17500,639,36,No
100596,31,63000,57000,630,12,No
100597,30,51000,27500,712,60,No
100598,42,40500,40500,679,36,No
100599,37,62000,62500,723,36,No
100600,21,48000,34500,735,36,No
100601,40,112000,91500,772,60,No
100602,30,96500,89000,605,48,No
100603,46,71500,53000,707,24,No
100604,29,64500,78000,663,36,No
100605,29,53000,15000,683,36,No
100606,40,32500,43000,755,48,No
100607,42,50000,12000,763,60,No
100608,39,57500,25500,795,48,No
100609,21,60500,61500,722,60,No
100610,40,67000,20000,682,36,No
100611,26,81000,40500,671,36,No
100612,37,41000,15500,560,36,No
100613,22,41500,43000,790,48,No
100614,39,101000,87500,666,24,No
100615,28,76000,21000,728,36,No
100616,23,46500,34000,741,24,No
100617,41,52500,23000,597,24,No
100618,37,52500,69000,621,60,No
100619,29,55500,18000,806,24,No
100620,48,67000,59500,712,48,No
100621,31,159500,120500,646,36,No
100622,35,59500,51500,681,36,Yes
100623,37,72500,94000,771,60,No
100624,29,27000,16000,760,48,No
100625,39,45000,47500,580,48,No
100626,30,92000,65500,813,36,No
100627,31,65000,62500,762,36,No
100628,47,18000,11000,679,48,No
100629,26,73000,33500,601,48,Yes
100630,21,123000,36500,769,48,No
100631,49,24000,7500,726,48,No
100632,58,104000,135500,581,24,Yes
100633,31,18000,20000,673,36,No
100634,21,81500,39500,850,60,No
100635,32,55000,44500,691,36,No
100636,32,20500,21000,634,48,No
100637,33,66500,40500,614,36,No
100638,25,89000,63000,823,60,No
100639,40,64000,65500,754,60,No
100640,40,70500,32500,796,36,No
100641,22,46500,37500,709,60,No
100642,41,25000,11000,784,36,No
100643,53,73500,15000,626,36,No
100644,37,114500,114000,702,60,No
100645,32,88500,89500,712,36,No
100646,34,24000,32500,794,36,No
100647,41,29000,12000,714,36,No
100648,21,38500,40500,643,60,Yes
100649,36,28000,36000,695,24,Yes
100650,31,56000,52500,564,48,Yes
100651,52,65000,85000,516,36,Yes
100652,33,30000,40500,752,36,No
100653,50,76000,85500,662,48,No
100654,25,71000,96000,670,36,Yes
100655,40,43500,40000,752,48,No
100656,38,51000,39500,795,48,Yes
100657,27,24500,31000,730,60,No
100658,37,48000,55500,835,48,No
100659,46,55000,18000,728,12,No
100660,32,59000,32500,713,48,No
100661,21,64500,32000,708,36,No
100662,35,61000,72000,594,24,Yes
100663,27,49000,23000,762,36,No
100664,32,62000,34000,507,48,Yes
100665,34,84000,67000,646,24,No
100666,21,53000,15000,692,36,No
100667,21,63000,82000,631,36,Yes
100668,39,51000,39000,656,36,No
100669,30,42000,17500,828,60,No
100670,21,68500,35000,773,24,No
100671,42,43500,48500,639,48,No
100672,37,64500,60000,655,48,No
100673,29,55500,41000,594,36,Yes
100674,23,48500,28000,743,36,No
100675,43,48000,59500,671,24,No
100676,38,44500,48500,543,24,Yes
100677,56,27500,28000,698,36,No
100678,39,64500,46000,723,24,No
100679,38,60500,80500,762,48,No
100680,33,78500,80000,684,36,Yes
100681,42,44000,30000,662,12,No
100682,41,122000,150000,839,36,Yes
100683,46,47000,58000,690,60,No
100684,30,38000,40000,744,36,No
100685,31,36000,39000,650,48,No
100686,31,26500,18000,742,24,No
100687,42,104500,82000,581,60,No
100688,48,98000,41000,655,36,No
100689,31,71000,63000,599,36,No
100690,31,37500,23500,645,36,No
100691,38,117500,70500,784,36,No
100692,33,47500,61500,644,48,Yes
100693,44,49000,19000,744,12,No
100694,21,100500,116000,804,24,No
100695,28,72500,38000,688,24,No
100696,28,138500,32500,765,36,No
100697,21,61000,15000,730,60,No
100698,26,46500,32500,699,12,No
100699,27,42500,30500,746,60,Yes
100700,33,25500,14500,828,48,No
100701,45,49000,47500,642,12,No
100702,33,89000,67500,618,24,No
100703,26,70500,20000,614,36,No
100704,34,55500,33500,765,24,No
100705,44,36000,11500,775,48,No
100706,26,60500,16500,650,36,Yes
100707,27,84000,37000,530,36,Yes
100708,40,66000,66500,639,48,No
100709,33,59000,59000,731,36,No
100710,41,39500,47000,685,60,No
100711,35,79000,84500,704,36,No
100712,41,18000,14500,651,36,No
100713,26,64500,36000,766,36,No
100714,35,162000,33500,716,24,No
100715,33,29000,27500,734,60,No
100716,24,49500,26500,702,36,No
100717,21,55000,27000,729,60,Yes
100718,41,45500,60000,724,60,No
100719,32,85000,34000,620,36,No
100720,26,67000,16000,718,48,No
100721,34,58500,75500,749,36,No
100722,45,77000,42500,777,24,No
100723,21,55500,36000,721,60,No
100724,22,209000,61500,618,36,No
100725,27,58500,39000,629,60,No
100726,48,59500,78500,657,36,Yes
100727,38,27000,27000,704,24,Yes
100728,42,44000,33000,681,36,No
100729,25,89000,49500,606,24,No
100730,25,31500,19500,605,24,No
100731,39,22000,20000,533,48,Yes
100732,36,56000,27500,456,12,No
100733,40,98000,36500,680,60,No
100734,33,56000,56000,850,36,No
100735,38,48000,57500,825,36,No
100736,36,25000,31000,617,36,Yes
100737,42,66500,77500,701,24,No
100738,42,72500,58500,580,36,No
100739,21,26000,29000,592,36,No
100740,21,88500,112000,600,36,No
100741,44,76000,17000,673,36,No
100742,46,88500,59500,676,24,No
100743,26,70500,30500,709,36,No
100744,21,72500,97500,740,36,No
100745,36,68500,87000,665,24,No
100746,43,79000,88500,693,48,No
100747,51,25500,14000,608,12,No
100748,40,29500,38000,589,36,Yes
100749,32,40500,9500,578,36,No
100750,27,52000,21500,739,36,No
100751,35,64500,58500,665,60,No
100752,32,63000,70000,550,48,Yes
100753,26,88000,107000,685,48,No
100754,53,89000,48500,596,36,No
100755,51,38000,24500,815,36,Yes
100756,45,61000,44000,647,12,No
100757,27,38500,9000,741,48,No
100758,43,51000,61000,772,36,No
100759,41,63000,37000,618,36,No
100760,39,18000,7500,696,36,No
100761,46,151500,101500,732,48,No
100762,41,70000,71000,699,36,No
100763,42,43000,51500,717,24,No
100764,41,123500,55500,590,60,Yes
100765,38,47500,19000,732,24,No
100766,21,58000,74500,654,60,No
100767,36,45000,37500,716,36,No
100768,30,110000,68500,759,60,Yes
100769,23,52500,22500,740,60,No
100770,50,58500,78500,716,36,No
100771,51,91000,93500,738,48,Yes
100772,47,70500,32000,742,24,No
100773,37,54000,16500,802,24,No
100774,47,87500,37500,687,36,No
100775,35,159500,77500,702,36,No
100776,37,63000,20500,760,12,No
100777,25,58000,27000,653,36,No
100778,39,59000,19500,590,60,No
100779,36,95500,60500,727,60,No
100780,23,43000,32500,675,24,No
100781,35,49000,35500,599,36,No
100782,34,29000,33500,728,24,No
100783,51,33500,16500,797,36,No
100784,43,44500,54500,568,60,No
100785,35,53500,66500,767,60,Yes
100786,37,115500,150000,500,24,Yes
100787,35,69000,28000,660,24,No
100788,33,37500,18000,828,36,No
100789,25,40500,37000,665,36,Yes
100790,34,98000,35500,697,24,No
100791,28,88500,26500,747,24,No
100792,24,55500,16000,561,36,No
100793,40,45500,41000,695,24,No
100794,39,88000,99000,695,48,No
100795,21,36000,18000,830,48,No
100796,34,65000,83000,597,36,No
100797,44,143000,150000,661,36,No
100798,45,60000,17500,620,48,No
100799,44,39500,26500,612,24,No
100800,35,65500,18000,775,60,No
100801,27,45000,56500,692,12,No
100802,25,30500,32000,648,60,Yes
100803,38,74000,73000,651,24,No
100804,38,88000,86500,648,48,No
100805,47,48500,25500,654,12,No
100806,45,47000,60000,595,48,No
100807,34,36500,46000,671,36,No
100808,24,51500,54000,663,12,Yes
100809,32,43500,32000,633,48,No
100810,37,36000,9000,702,24,No
100811,33,122000,28500,708,36,No
100812,30,67000,24000,648,36,Yes
100813,37,70000,62000,679,48,No
100814,30,79500,89000,850,60,No
100815,29,76000,98000,849,36,No
100816,38,46000,18500,611,48,No
100817,31,61500,32000,621,60,No
100818,37,49000,13000,611,48,No
100819,37,66000,88500,769,36,No
100820,25,63500,69500,660,36,Yes
100821,31,47000,35500,708,24,No
100822,48,31500,27000,840,36,No
100823,25,58500,49500,689,24,No
100824,21,50500,25000,743,48,No
100825,21,25000,10500,729,36,No
100826,35,68000,37000,646,36,No
100827,35,82500,40000,769,24,No
100828,34,159000,133500,626,12,Yes
100829,46,46500,26000,790,48,No
100830,21,44000,45500,646,36,Yes
100831,39,34500,29500,654,60,No
100832,49,60000,48500,608,36,Yes
100833,25,60000,77500,621,24,No
100834,32,39000,22500,658,48,No
100835,28,51000,47500,508,48,Yes
100836,27,24000,5000,673,12,No
100837,32,81000,85000,652,48,No
100838,48,40000,31000,749,24,No
100839,52,54000,23500,722,24,No
100840,32,30000,6000,637,12,No
100841,52,43000,43500,656,36,No
100842,35,49000,47000,672,48,No
100843,51,54500,52500,801,24,No
100844,34,67500,47500,628,48,No
100845,36,100500,94000,636,48,No
100846,38,75000,64500,605,36,No
100847,64,82500,39000,579,12,No
100848,43,101000,80500,713,36,Yes
100849,29,70000,55500,705,24,No
100850,44,54000,62000,786,60,No
100851,32,84000,58500,768,48,No
100852,31,86500,60500,850,12,No
100853,43,72000,96000,684,36,No
100854,35,30000,37000,670,36,Yes
100855,38,38500,18500,592,12,Yes
100856,35,49000,61000,742,36,No
100857,38,76500,27500,699,24,No
100858,39,54500,64500,739,24,Yes
100859,21,88500,36500,605,36,No
100860,41,95500,66000,716,36,No
100861,26,91000,121000,705,36,No
100862,22,91500,28500,700,36,No
100863,34,35500,41500,639,36,Yes
100864,36,67500,52000,779,36,No
100865,29,42500,14000,844,36,No
100866,42,27500,35500,607,60,No
100867,23,48500,40500,744,12,No
100868,31,96000,116500,474,36,No
100869,30,66500,80000,740,24,No
100870,35,128500,28000,550,36,No
100871,38,59500,30000,651,36,No
100872,26,154000,90500,592,48,No
100873,42,59500,48500,674,60,No
100874,36,55500,15500,753,36,No
100875,21,32000,20500,551,24,Yes
100876,21,87500,99500,663,48,Yes
100877,35,44500,18000,651,24,No
100878,33,42000,42500,809,36,No
100879,34,94000,68500,722,48,No
100880,35,89500,25000,602,36,No
100881,37,88500,36000,655,36,No
100882,44,47000,17000,807,24,No
100883,25,54000,49500,744,12,No
100884,24,53500,16000,621,60,Yes
100885,25,76500,87500,670,24,No
100886,38,105500,119000,672,36,No
100887,46,64000,18500,650,36,No
100888,31,126000,150000,562,36,No
100889,21,80000,104000,639,24,No
100890,21,50000,12500,794,24,No
100891,28,78000,101000,661,36,No
100892,30,112500,58500,682,36,No
100893,31,127500,123000,701,48,No
100894,35,90500,36500,850,36,No
100895,32,55500,63500,691,60,No
100896,44,50000,58500,772,36,No
100897,29,70000,93000,645,36,No
100898,27,111000,149000,671,60,No
100899,39,66000,19000,691,48,No
100900,21,66500,63500,632,36,No
100901,39,56000,29000,675,36,No
100902,36,48000,16500,757,48,No
100903,34,51500,19000,630,24,No
100904,49,58000,74000,690,36,No
100905,29,113000,111500,743,36,No
100906,54,49500,13000,628,48,Yes
100907,33,56000,74500,772,36,No
100908,24,38000,43000,695,36,Yes
100909,36,74500,41500,678,60,No
100910,25,97500,72500,539,24,No
100911,28,109000,113000,662,48,Yes
100912,39,60000,58500,718,24,No
100913,40,70000,51500,821,48,No
100914,29,51500,40500,733,36,No
100915,44,68500,17000,774,36,No
100916,45,63000,49000,599,36,Yes
100917,48,56500,33500,680,60,No
100918,40,58500,31000,782,36,No
100919,47,66500,34000,623,12,Yes
100920,21,48500,46000,762,12,No
100921,32,49500,34500,745,36,No
100922,27,112500,77500,711,36,No
100923,36,171500,65500,665,36,No
100924,30,33000,43000,616,24,Yes
100925,34,32500,15000,823,48,No
100926,52,37000,24500,737,36,Yes
100927,33,52500,22000,716,12,No
100928,39,80000,80500,659,36,Yes
100929,33,70500,49500,693,36,Yes
100930,36,59000,40000,702,60,No
100931,35,68500,82500,720,36,No
100932,39,41000,44000,745,24,No
100933,45,49500,39500,631,48,No
100934,50,54500,40500,580,36,No
100935,38,28500,37000,696,60,No
100936,40,34000,44000,559,36,No
100937,25,34500,35000,666,60,No
100938,34,76000,81500,652,60,Yes
100939,43,61000,75500,727,60,No
100940,43,71000,93000,839,12,Yes
100941,37,25500,7500,544,48,No
100942,43,29500,39500,850,48,No
100943,39,72500,73000,673,36,No
100944,46,18000,16000,716,36,No
100945,38,92000,62000,584,36,Yes
100946,32,25500,15000,765,60,No
100947,38,78500,88500,693,48,No
100948,21,38000,36000,685,36,No
100949,38,85500,37000,545,36,No
100950,21,211500,150000,696,24,Yes
100951,21,21000,7500,753,36,No
100952,39,73500,56500,672,48,No
100953,39,25500,22000,778,36,No
100954,25,66000,61500,775,48,No
100955,29,50500,18500,642,36,No
100956,47,58000,18000,810,36,No
100957,31,37500,18500,693,48,No
100958,55,76500,68500,694,24,No
100959,35,30000,38000,697,60,No
100960,39,92500,101500,695,60,No
100961,50,46500,49000,493,60,No
100962,36,30500,17500,676,60,No
100963,26,107500,35500,588,36,No
100964,34,53500,65500,812,36,No
100965,35,122500,95000,809,48,No
100966,23,92000,29000,754,36,No
100967,33,39500,32000,672,48,No
100968,28,53000,52000,614,24,No
100969,43,58000,33000,641,60,No
100970,35,104500,22000,836,36,No
100971,32,66000,60500,638,48,No
100972,34,59000,14500,513,36,No
100973,37,50500,35000,767,36,No
100974,41,54000,62000,803,60,No
100975,26,95000,128000,814,36,No
100976,26,55000,34500,768,24,No
100977,45,46500,10500,780,24,No
100978,31,43500,33500,694,36,No
100979,22,43500,22500,534,36,Yes
100980,39,30500,37500,692,36,No
100981,39,40000,40500,737,12,No
100982,21,103000,68500,680,12,No
100983,37,50500,54500,676,60,No
100984,42,74000,44000,618,48,No
100985,38,19500,15500,615,24,No
100986,41,70000,88500,828,12,No
100987,22,51500,22000,831,24,No
100988,38,45000,25000,690,48,No
100989,32,59500,72500,711,48,No
100990,31,44500,32500,616,36,No
100991,43,22500,12500,738,36,No
100992,48,81000,19500,822,60,No
100993,51,61000,41500,575,36,No
100994,47,48000,37000,725,36,No
100995,34,36500,24500,730,36,Yes
100996,38,29500,15500,730,60,No
100997,42,60500,38000,813,36,No
100998,36,108500,102000,843,36,Yes
100999,36,60000,73500,672,48,No
101000,42,31000,29500,740,24,No
101001,34,60500,57000,696,36,No
101002,28,54000,61500,643,36,No
101003,31,79000,31000,710,60,No
101004,41,71000,39000,740,24,No
101005,35,18000,5000,706,36,No
101006,38,69000,41500,624,60,No
101007,41,36000,48500,655,48,No
101008,32,30500,17500,656,36,No
101009,42,51000,60500,627,24,No
101010,38,65500,19500,714,24,No
101011,24,27500,20000,721,36,No
101012,48,74000,44500,763,24,No
101013,30,76000,33000,626,48,No
101014,21,56000,35000,647,48,No
101015,26,38000,36000,807,48,No
101016,26,36500,28000,678,24,No
101017,35,84500,99000,692,36,No
101018,33,29000,36000,677,48,No
101019,32,86000,65000,775,24,No
101020,41,51500,68500,778,24,No
101021,38,53000,15000,773,36,No
101022,38,27000,14000,692,24,No
101023,39,51500,35000,625,12,No
101024,41,71000,62000,834,36,No
101025,21,31500,26000,754,60,No
101026,32,68000,58000,656,12,No
101027,21,57000,70000,797,36,No
101028,35,42000,22000,650,36,No
101029,35,79000,90000,796,36,No
101030,44,22000,18500,801,36,No
101031,46,63500,48500,621,12,No
101032,37,108500,59000,734,12,No
101033,30,100500,55000,749,36,No
101034,39,65000,42000,850,60,No
101035,30,48500,52500,634,36,No
101036,35,42000,31500,797,36,No
101037,44,48500,18500,691,60,No
101038,30,69000,74000,597,48,Yes
101039,42,39000,37500,681,48,No
101040,41,75500,97500,690,36,No
101041,26,134500,109000,611,60,No
101042,44,53500,51000,713,36,No
101043,41,31500,23500,762,36,No
101044,36,31500,31000,708,48,No
101045,28,76000,53500,649,36,No
101046,27,53500,19000,679,60,Yes
101047,30,79500,106000,690,60,Yes
101048,40,44000,45500,706,36,No
101049,26,78000,70000,773,24,No
101050,39,51500,39000,710,48,No
101051,24,40500,41000,585,36,No
101052,33,46500,16000,648,36,No
101053,36,33500,19500,702,24,No
101054,57,127000,43500,774,48,No
101055,23,53000,18500,787,60,No
101056,48,72000,16000,823,24,No
101057,36,44000,47000,700,48,No
101058,39,35500,16500,747,60,No
101059,36,50000,58000,581,24,Yes
101060,39,87500,108500,722,24,No
101061,34,44000,17500,609,36,No
101062,48,38000,38500,685,48,No
101063,31,58500,42500,850,36,No
101064,45,68000,85500,713,24,No
101065,29,109500,83000,625,24,No
101066,34,64000,40500,721,36,Yes
101067,25,72000,39000,651,12,No
101068,39,74500,92500,618,36,No
101069,48,34000,15500,848,12,No
101070,34,36500,42000,770,48,No
101071,33,35000,15000,716,48,No
101072,25,31500,29500,661,60,No
101073,33,77000,55500,667,24,No
101074,21,62000,20000,806,36,No
101075,27,57000,19500,713,48,No
101076,37,18500,9500,459,36,No
101077,47,130500,141000,850,24,No
101078,60,38000,39500,704,24,No
101079,30,130000,56500,716,36,No
101080,48,30000,22500,772,36,Yes
101081,37,39000,12000,725,60,No
101082,34,22000,22500,746,48,No
101083,39,64000,71000,658,48,No
101084,36,34500,42500,598,60,No
101085,36,35000,42500,711,48,No
101086,31,31000,18000,797,24,No
101087,22,76000,37500,641,12,No
101088,21,74000,91000,635,48,No
101089,41,117500,43000,782,36,No
101090,33,41000,11000,656,60,No
101091,30,60500,34000,659,24,No
101092,35,32000,34500,662,24,No
101093,42,48000,48000,685,48,No
101094,37,44000,58500,572,48,Yes
101095,29,67000,41000,650,60,Yes
101096,46,84500,43500,707,24,No
101097,49,83500,53000,707,36,No
101098,39,38500,42500,777,36,No
101099,44,83500,37500,828,60,No
101100,46,54000,69500,803,24,No
101101,45,48000,38000,759,36,No
101102,41,41000,45000,679,24,No
101103,40,43500,50000,643,48,No
101104,40,114500,86000,691,24,No
101105,25,62500,66000,734,60,No
101106,41,59000,36500,752,24,No
101107,23,49500,56000,737,48,No
101108,28,153500,150000,681,48,No
101109,47,95000,81000,749,24,No
101110,43,40500,18500,785,24,No
101111,48,49000,64500,756,36,No
101112,33,50500,65000,688,36,Yes
101113,25,58500,53500,627,48,No
101114,33,41000,54500,626,36,No
101115,36,66000,51500,639,24,No
101116,36,101000,64000,709,60,No
101117,45,31500,23000,729,24,Yes
101118,32,34000,8500,584,36,No
101119,38,45000,37500,652,60,Yes
101120,26,46000,44500,708,60,No
101121,39,127500,41500,623,24,No
101122,35,84000,41500,723,24,No
101123,28,82000,84500,667,36,No
101124,33,49000,54500,636,36,No
101125,33,49000,65500,694,48,No
101126,33,30000,14500,719,36,No
101127,51,76500,89500,626,36,No
101128,34,67500,27000,672,36,No
101129,33,94500,33000,725,48,No
101130,21,50500,52500,633,48,Yes
101131,27,52000,37000,566,36,No
101132,33,59000,65500,575,24,No
101133,29,80000,42000,659,36,No
101134,47,29500,13000,591,36,No
101135,34,75000,62500,664,48,No
101136,47,54500,18000,815,60,No
101137,36,35500,18500,587,60,No
101138,35,23000,9000,669,36,No
101139,34,52000,29500,850,60,No
101140,35,101000,109000,721,36,No
101141,50,111000,37500,662,36,No
101142,21,64000,58000,678,36,Yes
101143,21,125500,109500,722,48,No
101144,30,54000,44000,817,48,No
101145,35,82000,62000,650,36,No
101146,41,45500,44000,633,60,No
101147,39,44500,52500,587,60,No
101148,32,41500,16000,698,60,No
101149,44,23000,26000,585,36,No
101150,44,94500,25500,655,60,No
101151,37,42000,31500,622,48,Yes
101152,44,39500,31000,771,36,No
101153,37,33500,14500,652,36,No
101154,30,50500,15500,720,48,No
101155,41,115500,33000,570,48,No
101156,36,132500,32000,700,36,No
101157,35,27500,23500,600,60,No
101158,48,47500,18000,658,24,No
101159,21,35500,40000,850,36,No
101160,22,83500,103000,760,36,No
101161,24,62000,33000,680,36,No
101162,32,42000,16500,850,36,Yes
101163,33,56500,38000,621,36,No
101164,21,45000,54500,777,36,No
101165,26,108500,71500,575,12,No
101166,27,69000,22500,672,12,No
101167,57,73000,97500,589,48,No
101168,51,18000,14000,709,36,No
101169,31,53500,32000,694,12,No
101170,32,132000,150000,667,24,No
101171,25,96000,121500,772,24,No
101172,21,25500,19500,647,12,No
101173,34,48000,26500,715,60,No
101174,26,33000,25000,752,36,No
101175,34,113000,51000,579,36,No
101176,21,61000,45500,634,36,No
101177,28,40000,18500,694,24,No
101178,36,56000,51500,737,48,No
101179,38,18500,20000,797,60,No
101180,39,35000,46000,674,24,No
101181,23,56000,65500,666,24,Yes
101182,43,78500,23500,625,36,No
101183,28,24500,11000,715,24,No
101184,41,47000,38000,668,24,No
101185,35,84000,41500,669,36,No
101186,23,30000,6500,683,36,No
101187,32,60500,64500,731,24,No
101188,38,56500,34500,648,48,No
101189,41,113000,31000,632,24,No
101190,34,50000,39500,722,36,No
101191,49,51000,67500,463,48,Yes
101192,44,79000,77500,645,36,No
101193,33,31500,12000,604,36,Yes
101194,42,50000,39500,780,48,No
101195,52,45500,56500,657,36,No
101196,53,52000,13500,648,60,No
101197,24,78500,73500,686,36,No
101198,27,69500,71500,645,36,Yes
101199,48,40000,40500,660,48,Yes
101200,25,58500,22000,697,24,No
101201,23,103000,128000,658,48,No
101202,31,39000,22500,658,36,No
101203,39,58500,15000,614,36,No
101204,34,50500,15000,603,48,No
101205,29,53500,39000,695,36,No
101206,29,27500,7000,713,24,No
101207,29,99500,109000,583,36,No
101208,27,39500,47000,747,48,No
101209,56,84500,18000,747,60,No
101210,38,42500,48000,763,36,Yes
101211,43,42500,56500,712,24,No
101212,31,91500,21500,738,36,No
101213,33,83500,86500,850,36,No
101214,29,60000,81000,667,12,Yes
101215,21,75500,84500,612,60,Yes
101216,23,48500,38000,575,36,No
101217,21,55000,67000,822,36,No
101218,21,41500,42000,823,36,No
101219,24,80500,43000,621,12,No
101220,47,41000,19000,635,36,No
101221,35,102500,81000,666,36,No
101222,47,48000,30000,782,36,No
101223,39,55500,32000,593,36,No
101224,42,75500,30500,543,36,No
101225,27,55500,65000,850,36,No
101226,40,48500,49000,713,60,No
101227,42,54500,31500,724,36,No
101228,30,80000,38000,675,36,No
101229,40,41500,14500,725,60,No
101230,40,52000,17000,576,36,Yes
101231,30,55000,50500,627,36,Yes
101232,25,79000,25500,698,48,No
101233,24,52500,68500,520,36,Yes
101234,36,117500,61000,667,60,No
101235,38,51500,12000,663,36,No
101236,28,50000,59000,667,36,No
101237,35,51000,32000,649,12,No
101238,40,31500,18500,615,24,No
101239,41,35500,12000,553,36,Yes
101240,49,44000,42000,701,24,No
101241,46,88500,54000,667,36,No
101242,26,54000,62000,587,36,Yes
101243,50,45000,41500,695,12,No
101244,30,92000,111500,668,36,No
101245,44,105500,96500,655,36,No
101246,36,93000,102000,528,36,No
101247,31,38500,38500,741,48,No
101248,21,44500,32500,598,24,No
101249,33,118000,117000,695,24,No
101250,21,61000,59000,629,60,No
101251,44,49000,10000,661,60,No
101252,49,74500,75000,776,36,No
101253,28,84000,42000,730,36,No
101254,38,43500,36000,775,60,No
101255,28,60500,20000,715,36,No
101256,29,81000,18500,720,24,No
101257,42,34000,7500,556,24,Yes
101258,35,55500,21000,666,24,No
101259,51,34500,7500,673,48,No
101260,31,36500,13000,782,36,No
101261,44,43500,36500,652,36,No
101262,36,67000,44000,710,24,No
101263,42,48000,63500,707,24,No
101264,31,42000,47500,777,48,No
101265,35,56000,20500,680,60,No
101266,34,34000,23000,752,36,No
101267,27,66000,46000,562,48,No
101268,41,88500,54500,569,36,No
101269,41,53000,41000,519,36,Yes
101270,40,50500,49000,749,36,No
101271,49,64500,60500,741,24,No
101272,48,23500,14500,757,36,No
101273,32,69000,69500,639,48,Yes
101274,38,202500,108000,648,12,No
101275,29,52000,60500,681,36,No
101276,35,52500,68500,798,60,No
101277,30,75000,40500,817,48,No
101278,50,110000,121500,750,36,No
101279,38,83000,94000,715,24,No
101280,33,22000,17000,790,48,No
101281,46,69500,21000,671,24,No
101282,21,162000,150000,661,36,No
101283,21,71500,48000,680,24,No
101284,42,34000,15000,617,36,No
101285,36,62000,57000,677,36,No
101286,37,32000,22500,606,48,No
101287,23,92500,28000,767,36,No
101288,35,37000,49500,731,60,No
101289,53,56500,27000,797,36,No
101290,42,38500,30500,568,36,No
101291,37,43500,42000,833,24,No
101292,31,102500,34000,572,24,No
101293,31,57500,60500,600,36,Yes
101294,21,43500,41000,643,48,No
101295,37,34000,26000,788,24,No
101296,43,25000,20000,707,36,No
101297,21,32500,42000,672,36,No
101298,29,57500,71500,631,36,No
101299,25,83000,27500,587,24,No
101300,26,43500,27000,775,24,No
101301,35,106500,84500,750,36,No
101302,21,40500,51000,791,60,No
101303,41,50000,57000,720,48,No
101304,42,35000,22500,492,24,No
101305,33,83500,102000,597,24,Yes
101306,21,132500,84000,725,36,No
101307,26,26000,13500,662,36,No
101308,46,47500,43000,648,48,No
101309,21,93500,57000,607,36,No
101310,32,30000,27500,761,60,No
101311,24,70000,47000,724,24,No
101312,42,92000,102500,728,60,No
101313,29,57000,74000,642,48,No
101314,39,69500,35500,703,48,No
101315,40,115000,90500,590,60,Yes
101316,52,124500,128500,680,36,No
101317,33,53500,20500,500,24,Yes
101318,38,44000,49000,572,36,Yes
101319,22,37500,32500,666,48,No
101320,46,83000,31000,850,60,No
101321,28,31000,37000,555,36,No
101322,30,49500,34000,597,48,No
101323,35,57500,23000,706,24,No
101324,21,44500,19000,823,24,No
101325,37,62000,68500,705,36,No
101326,44,161500,150000,743,36,No
101327,38,52500,33500,665,24,Yes
101328,21,46000,13500,652,48,No
101329,34,84000,26500,696,36,No
101330,42,61000,58000,641,36,No
101331,21,100500,63000,744,24,No
101332,25,59000,40500,570,24,No
101333,43,49500,29000,757,48,No
101334,37,26000,19000,693,60,No
101335,39,28000,26500,674,24,No
101336,52,25500,21000,567,48,No
101337,39,64500,25000,617,48,No
101338,41,31000,23500,780,48,No
101339,59,93000,68000,674,36,No
101340,33,55500,46000,711,36,No
101341,28,49500,16000,624,48,No
101342,39,38500,14500,688,36,No
101343,39,71500,58000,587,24,No
101344,30,39000,20000,697,36,Yes
101345,26,36500,33500,718,36,No
101346,56,90500,57000,714,36,No
101347,38,64000,29000,622,60,No
101348,28,50000,47500,664,36,Yes
101349,43,72000,47000,730,36,No
101350,34,55000,21000,674,60,No
101351,33,64500,73000,668,24,No
101352,40,39000,27000,833,12,No
101353,23,131000,150000,619,48,No
101354,38,43000,18000,771,60,No
101355,52,105500,127500,603,48,No
101356,39,51000,58000,739,36,No
101357,32,77000,24500,743,36,No
101358,30,75000,61000,652,48,No
101359,31,89000,84500,599,60,Yes
101360,33,38500,29500,542,24,No
101361,32,86500,56000,644,60,No
101362,43,119500,150000,729,36,No
101363,21,49500,50000,609,12,No
101364,43,56000,73500,697,24,No
101365,32,44000,51500,579,12,No
101366,38,47500,54000,672,60,Yes
101367,25,113000,117000,604,36,No
101368,47,36000,34000,684,48,No
101369,46,37000,45000,652,12,Yes
101370,44,108000,98000,601,48,No
101371,21,71500,20500,641,36,No
101372,42,134000,116500,620,60,Yes
101373,39,45500,14500,591,36,No
101374,21,58000,75000,771,48,No
101375,35,41500,39000,663,36,Yes
101376,38,58500,49000,525,36,Yes
101377,40,26000,11000,643,60,No
101378,37,73500,58500,759,36,No
101379,38,63000,37500,633,60,No
101380,48,53500,52500,802,12,No
101381,46,46500,41500,626,36,Yes
101382,21,38000,29500,728,60,No
101383,32,74500,36500,768,60,No
101384,34,33500,27000,724,36,No
101385,21,68000,49500,587,36,No
101386,36,131500,150000,619,48,Yes
101387,46,102500,126000,778,36,No
101388,25,29000,31000,630,60,No
101389,38,44000,25000,763,24,No
101390,27,65500,16000,658,12,No
101391,29,53500,67500,701,48,Yes
101392,48,30500,41000,586,36,No
101393,30,64500,22500,644,36,No
101394,39,55000,54500,624,36,No
101395,21,123000,84500,707,60,No
101396,52,49500,18500,697,36,No
101397,40,90000,121500,725,60,No
101398,33,32500,41500,653,36,Yes
101399,40,35500,47000,620,36,Yes
101400,22,74500,27000,704,24,No
101401,46,86500,66000,613,36,No
101402,32,37000,45500,771,12,No
101403,33,55500,54000,681,12,No
101404,31,31000,21500,666,36,No
101405,30,51000,40500,725,48,No
101406,41,78000,19000,684,36,No
101407,37,46000,41500,566,36,Yes
101408,41,49500,59000,610,36,No
101409,35,34000,7000,769,36,No
101410,40,42000,16000,696,48,No
101411,31,115000,91500,564,48,No
101412,55,56500,47500,716,48,No
101413,21,36000,21500,648,24,Yes
101414,46,48000,11000,624,36,No
101415,47,28000,29500,604,48,Yes
101416,27,36000,17500,765,60,No
101417,55,97500,92000,543,36,No
101418,44,52000,44000,627,36,No
101419,44,121500,84500,699,48,No
101420,35,53000,46500,808,60,No
101421,33,54000,54000,732,36,No
101422,33,72000,62000,627,24,No
101423,39,18000,15000,805,48,No
101424,48,60000,42000,588,48,Yes
101425,37,54000,37500,710,24,No
101426,27,102500,78500,727,36,No
101427,42,82500,59500,624,36,No
101428,43,34000,24000,742,48,No
101429,41,92500,41000,651,48,Yes
101430,42,49500,51000,742,24,No
101431,33,37500,13000,552,24,Yes
101432,27,59500,74000,715,48,Yes
101433,27,50500,46500,659,24,No
101434,21,105000,27000,776,36,No
101435,37,63500,61000,687,36,No
101436,34,60000,37000,784,36,No
101437,31,80500,102000,728,48,No
101438,21,87000,111000,680,12,No
101439,24,76500,89500,749,48,Yes
101440,45,100000,85500,750,36,Yes
101441,29,71000,89500,725,36,No
101442,38,59000,56000,518,60,Yes
101443,22,92500,111500,616,24,Yes
101444,48,53000,20500,794,48,No
101445,34,56000,69500,596,24,Yes
101446,38,113500,109000,756,60,No
101447,56,108500,59500,743,12,No
101448,49,55000,74000,636,36,No
101449,32,45500,45000,540,24,Yes
101450,30,101500,126500,647,36,No
101451,32,77000,16000,846,24,No
101452,40,63000,52500,625,24,No
101453,34,48000,49000,630,12,No
101454,31,63000,13500,615,12,No
101455,48,54500,58500,781,48,No
101456,34,41500,39500,672,36,No
101457,56,58000,30000,643,12,No
101458,36,61500,61000,796,60,No
101459,51,47000,16500,733,36,Yes
101460,38,80500,92500,621,36,Yes
101461,44,94500,113000,598,36,Yes
101462,28,82500,62500,777,36,No
101463,27,49000,38500,691,36,No
101464,39,75500,50000,574,60,No
101465,44,57000,34000,556,36,No
101466,35,32500,39000,606,60,Yes
101467,23,73000,40000,597,48,Yes
101468,23,58500,39000,537,60,Yes
101469,22,163500,89000,608,36,No
101470,21,101500,97000,621,36,No
101471,36,74000,84000,655,48,No
101472,45,61000,23500,817,48,No
101473,35,59000,29000,670,12,No
101474,21,36000,11500,677,24,No
101475,33,26500,10000,728,24,No
101476,34,38000,25500,672,36,No
101477,54,54000,59000,720,60,No
101478,22,22500,18500,711,48,Yes
101479,31,44000,11500,699,24,No
101480,50,49500,45500,850,36,No
101481,39,50000,55500,758,24,Yes
101482,40,41500,27000,609,48,No
101483,36,47500,23000,718,60,No
101484,38,113500,122500,631,24,Yes
101485,42,72500,16500,723,36,No
101486,28,43500,49500,587,60,No
101487,43,53500,60000,607,36,No
101488,23,54500,66500,716,60,No
101489,38,40000,12000,765,36,No
101490,37,40000,13000,728,24,No
101491,29,84000,101000,754,48,No
101492,35,46000,34500,718,24,No
101493,29,34500,22500,703,48,No
101494,25,54000,46500,652,48,No
101495,32,58000,15500,751,36,No
101496,25,24000,22500,767,36,No
101497,38,54000,69500,685,48,Yes
101498,25,79000,77000,681,60,No
101499,41,66500,49000,809,36,No
101500,24,140500,150000,688,48,No
101501,30,93000,92000,696,24,No
101502,29,101000,27000,726,60,No
101503,47,178500,150000,683,48,No
101504,38,75500,20500,628,24,No
101505,33,59000,32500,718,48,No
101506,39,83000,75500,687,48,Yes
101507,21,43500,19500,828,48,No
101508,35,57500,14000,749,36,No
101509,53,42000,38000,645,48,No
101510,36,65000,34500,745,48,No
101511,36,42000,34000,713,36,No
101512,40,41000,20500,788,24,No
101513,43,65500,65000,651,60,No
101514,21,52000,64000,704,36,No
101515,21,24500,7500,683,36,No
101516,37,30000,33000,694,60,No
101517,29,34000,13000,624,24,No
101518,47,38000,22000,733,48,No
101519,32,65500,40000,721,36,No
101520,21,60500,26500,786,12,No
101521,24,86000,24500,689,60,No
101522,21,75500,82000,659,48,No
101523,33,86500,96000,749,24,No
101524,33,71000,95500,630,60,Yes
101525,31,60000,76500,771,60,No
101526,45,87500,61000,771,48,No
101527,46,81000,28500,784,24,No
101528,33,64500,13500,718,24,No
101529,21,94000,76500,654,48,Yes
101530,41,20500,24500,698,60,Yes
101531,40,48500,24500,719,24,Yes
101532,38,48500,21000,648,36,No
101533,44,89500,63000,790,24,No
101534,25,106500,130500,734,36,Yes
101535,53,30000,21500,623,36,No
101536,26,99500,102500,831,12,No
101537,42,33500,24500,697,36,No
101538,21,34000,21500,608,36,No
101539,27,50000,35500,628,36,No
101540,49,48000,52000,802,60,No
101541,33,28500,30500,827,24,No
101542,43,72500,50500,766,12,No
101543,37,73000,37000,789,36,No
101544,34,85500,31000,781,36,No
101545,47,46000,9500,732,36,No
101546,33,54000,18000,715,60,No
101547,21,54500,21000,730,24,No
101548,28,112000,111500,745,36,No
101549,40,18000,20500,634,48,No
101550,39,37000,39000,745,60,No
101551,21,55000,56500,799,36,No
101552,28,35000,47000,675,12,No
101553,30,49500,64500,667,36,No
101554,32,52000,26500,726,24,Yes
101555,23,41500,15000,641,36,No
101556,29,56500,21500,591,48,No
101557,28,71500,88000,776,36,No
101558,42,50000,16000,656,36,No
101559,42,45500,27000,691,48,No
101560,34,51500,41500,644,24,Yes
101561,31,55000,50000,786,24,No
101562,36,26500,23500,754,48,No
101563,28,67000,74000,672,12,No
101564,25,45500,39000,602,24,No
101565,27,93500,110000,664,12,No
101566,29,70500,21000,733,36,No
101567,25,90000,107000,704,36,Yes
101568,36,36000,31500,698,36,No
101569,42,47000,21500,706,36,No
101570,21,32500,43000,747,36,No
101571,35,41000,52500,687,24,No
101572,33,93000,109000,724,48,No
101573,38,102500,128000,616,60,Yes
101574,35,34000,21500,850,36,No
101575,22,45500,21000,669,36,No
101576,24,53500,22000,705,48,No
101577,35,70500,85000,732,24,No
101578,44,26500,30500,659,36,No
101579,21,28000,37000,691,60,No
101580,38,67500,79500,690,24,Yes
101581,46,24500,22500,621,24,No
101582,34,45500,16500,723,36,No
101583,40,59000,23000,566,36,No
101584,29,65500,49000,821,36,No
101585,34,52000,56500,749,24,No
101586,21,47000,19000,738,48,No
101587,21,78500,98500,560,24,No
101588,43,62000,61000,631,60,No
101589,26,42000,23500,794,24,No
101590,31,56000,68000,850,12,No
101591,23,64500,57500,780,36,No
101592,22,113000,118000,768,24,No
101593,33,76500,49000,729,36,No
101594,28,91500,59500,626,24,Yes
101595,38,42500,9000,765,36,Yes
101596,39,44000,36000,607,24,No
101597,38,50000,53500,599,36,No
101598,37,52000,68500,594,24,No
101599,49,36000,44000,763,36,No
101600,25,93500,28000,686,24,No
101601,35,79500,105500,698,48,No
101602,45,48500,18000,689,48,No
101603,46,72000,18000,606,24,No
101604,22,60500,64000,640,24,No
101605,32,74500,92500,643,12,No
101606,47,31500,40500,585,24,No
101607,40,51500,59000,652,36,Yes
101608,37,53500,23500,609,36,No
101609,33,71500,27000,733,60,No
101610,32,42000,11000,740,48,No
101611,38,19000,16500,593,12,No
101612,33,35000,26500,668,24,No
101613,35,53500,17500,829,12,No
101614,36,56500,41500,616,24,No
101615,29,111500,95000,722,36,No
101616,40,70500,72500,698,12,No
101617,61,57000,38500,772,12,No
101618,21,54500,31000,712,24,No
101619,38,87500,84500,658,36,No
101620,28,43000,42500,695,12,No
101621,40,52000,26500,696,60,No
101622,35,35000,8000,683,36,No
101623,42,100000,129000,591,36,No
101624,46,65000,69500,783,36,No
101625,37,41000,17500,770,36,No
101626,45,52500,44500,612,36,No
101627,21,68000,60000,667,36,No
101628,49,49500,17000,673,36,No
101629,38,44000,18500,603,36,No
101630,45,42000,54500,550,12,Yes
101631,24,63500,50000,640,36,Yes
101632,28,47500,20000,663,36,Yes
101633,36,45500,51000,582,36,Yes
101634,35,31500,23500,703,60,No
101635,38,57000,53000,777,36,No
101636,45,51000,27500,753,60,No
101637,21,48000,13000,680,36,No
101638,44,60000,23500,552,36,Yes
101639,35,75500,99500,744,36,No
101640,33,74000,68000,701,24,No
101641,22,69500,80500,722,24,No
101642,40,49500,11000,835,36,No
101643,21,43500,47000,628,12,No
101644,41,35500,27000,474,24,No
101645,22,43000,41500,611,48,No
101646,35,55500,34000,726,36,No
101647,34,39500,36000,692,12,No
101648,46,57500,14000,599,12,No
101649,33,36500,9000,584,60,No
101650,29,27500,31000,663,60,No
101651,30,77500,26500,597,36,No
101652,46,45000,9500,729,24,No
101653,40,38500,48000,659,36,No
101654,32,34500,17500,643,36,No
101655,33,65500,57000,633,48,No
101656,21,98000,114000,710,36,No
101657,38,46500,49000,693,48,No
101658,21,50000,12500,705,36,No
101659,42,86500,73000,704,60,No
101660,36,25500,21000,685,36,No
101661,56,125500,75500,613,36,No
101662,25,153500,150000,635,36,Yes
101663,34,18000,23500,660,36,No
101664,51,53000,19500,845,60,No
101665,46,40500,15000,589,36,No
101666,29,49000,51000,659,60,No
101667,37,46000,33000,697,36,No
101668,35,77500,86500,667,36,No
101669,38,52500,19000,771,36,No
101670,29,37500,9000,667,12,No
101671,34,51000,51000,672,48,No
101672,21,68500,92000,751,12,No
101673,36,33500,10500,826,36,No
101674,39,27500,33000,796,24,No
101675,33,127000,81500,680,48,No
101676,21,42000,9000,686,60,No
101677,44,52000,41000,694,48,No
101678,38,46500,24000,701,36,No
101679,28,69000,69000,626,36,Yes
101680,32,116000,61500,760,24,No
101681,21,70000,53000,705,60,No
101682,26,29000,12500,687,24,No
101683,30,31000,35500,595,60,Yes
101684,46,46500,59000,695,48,Yes
101685,29,49000,32500,548,48,No
101686,41,26500,19000,646,48,No
101687,30,77500,103000,648,36,No
101688,37,35000,12500,712,36,No
101689,34,103000,116500,831,36,No
101690,43,118000,100500,733,24,No
101691,30,49500,60000,799,48,No
101692,21,66000,35500,738,36,No
101693,23,33000,18000,774,60,No
101694,30,71500,41000,829,60,No
101695,24,44500,10000,635,24,No
101696,39,35000,14000,630,24,Yes
101697,31,48500,65000,740,36,No
101698,56,45000,22000,690,24,No
101699,21,48000,10500,707,48,No
101700,37,82000,42500,671,48,No
101701,25,39500,26500,645,48,No
101702,31,114000,94500,812,36,No
101703,36,31500,9000,608,48,No
101704,21,108500,120500,741,36,No
101705,37,36000,41500,729,60,No
101706,52,55000,24500,572,48,No
101707,31,45000,50500,628,48,Yes
101708,37,47500,29000,640,24,No
101709,44,77000,53000,732,48,No
101710,34,103500,132000,662,36,Yes
101711,30,90500,111000,684,36,No
101712,21,46500,29500,581,36,No
101713,41,59500,45500,850,36,No
101714,34,39500,21000,695,24,Yes
101715,26,36500,29000,727,24,Yes
101716,36,34000,33500,649,48,No
101717,30,46000,14000,641,36,No
101718,30,61000,76500,833,60,No
101719,40,24500,25000,546,48,No
101720,23,54000,17000,711,36,No
101721,44,104000,124500,599,48,No
101722,22,88000,93000,660,36,No
101723,29,43000,24000,642,36,No
101724,52,30500,24500,616,60,No
101725,45,66500,79000,693,60,No
101726,36,21000,27500,497,24,Yes
101727,27,87500,46000,666,48,No
101728,30,50500,48000,683,12,Yes
101729,36,118500,141000,588,60,No
101730,35,26500,35500,803,36,No
101731,34,81000,23000,645,24,No
101732,35,52500,41000,672,48,No
101733,33,48000,58000,646,36,No
101734,22,31000,6500,684,12,No
101735,30,70500,49500,788,48,No
101736,43,73000,63500,850,48,No
101737,23,116500,94000,746,36,No
101738,33,84000,87500,772,48,No
101739,28,43000,12000,819,12,No
101740,36,36000,39500,709,36,No
101741,32,31000,16500,808,36,No
101742,48,102000,117000,749,24,No
101743,40,39500,27000,701,36,No
101744,23,102500,25500,716,60,No
101745,41,68500,89500,553,48,No
101746,28,63000,69000,712,36,No
101747,30,48500,29000,574,36,Yes
101748,38,72500,37000,568,60,No
101749,31,54500,48000,704,60,No
101750,43,47000,63000,606,24,Yes
101751,28,73500,39000,689,36,No
101752,29,52000,67000,700,24,No
101753,29,39500,23000,704,24,No
101754,30,71000,71500,622,36,Yes
101755,45,53500,34000,757,36,No
101756,41,67500,20000,683,48,No
101757,50,45500,58000,723,60,No
101758,55,33000,13000,600,36,Yes
101759,26,114000,146500,677,36,No
101760,36,105500,33500,772,24,No
101761,24,79500,40500,763,24,No
101762,28,46500,58500,630,24,No
101763,29,48500,46500,649,60,Yes
101764,25,98500,41000,616,24,Yes
101765,26,47500,42000,641,48,Yes
101766,34,42000,17000,585,36,No
101767,24,120500,145500,680,36,No
101768,43,54000,14000,737,60,No
101769,27,115500,93500,631,60,No
101770,60,30500,8500,683,24,No
101771,31,68500,68500,673,60,No
101772,36,131500,150000,769,24,No
101773,23,55500,64000,644,48,No
101774,50,49000,30500,647,12,No
101775,45,33500,16000,627,36,No
101776,38,86500,29500,605,48,No
101777,23,40000,48000,730,48,No
101778,37,53000,15500,680,48,No
101779,25,32500,30000,694,36,No
101780,48,106000,66000,786,60,No
101781,42,89500,120500,790,36,No
101782,36,54500,43000,567,24,No
101783,21,34000,28500,739,12,No
101784,26,105000,132000,707,24,Yes
101785,41,47000,62000,655,24,No
101786,46,34500,30000,715,36,No
101787,45,26000,29000,561,24,Yes
101788,21,42000,39000,800,36,No
101789,38,30000,20500,729,24,Yes
101790,44,42500,11500,625,48,No
101791,21,75000,77000,646,36,Yes
101792,35,47000,47000,562,36,Yes
101793,37,64000,21500,666,36,No
101794,32,40500,19000,654,60,No
101795,21,56500,59000,591,60,No
101796,32,123000,46000,748,36,No
101797,32,47500,47000,786,60,No
101798,34,64500,66000,688,36,Yes
101799,30,28500,17500,667,60,No
101800,31,104000,51500,723,12,No
101801,35,45000,28500,689,12,Yes
101802,39,85500,52500,609,12,No
101803,32,52000,46500,641,48,Yes
101804,31,71000,75000,668,24,Yes
101805,36,73000,87000,709,24,No
101806,21,45500,10500,691,36,No
101807,39,87000,90000,706,60,Yes
101808,35,40000,22500,576,36,No
101809,35,76500,89000,740,48,No
101810,44,46500,13500,690,24,No
101811,21,63500,53000,850,60,No
101812,21,45500,38000,661,12,No
101813,37,56000,32000,714,36,No
101814,35,35000,46000,850,36,No
101815,37,61000,19500,705,24,No
101816,31,56000,20000,685,36,No
101817,41,44000,41500,616,36,Yes
101818,43,53500,42500,805,24,No
101819,39,58000,29000,603,12,No
101820,33,42500,23500,722,12,No
101821,21,52000,20000,654,12,No
101822,42,36000,43000,676,60,No
101823,46,147500,126000,583,36,No
101824,41,86000,41500,791,24,No
101825,27,61500,40000,669,24,No
101826,41,90000,112000,599,48,Yes
101827,43,24000,29500,784,48,No
101828,49,19000,5500,652,60,No
101829,27,46500,44500,715,24,No
101830,33,31000,11500,753,36,No
101831,42,50000,22000,726,24,No
101832,36,60000,71500,525,48,Yes
101833,25,81000,99500,742,36,No
101834,39,34000,10000,682,48,No
101835,40,65000,78500,665,12,No
101836,36,55500,57500,682,48,No
101837,37,63500,69500,569,24,Yes
101838,33,44000,49000,704,48,No
101839,48,98500,77000,588,24,No
101840,27,52500,67500,669,48,No
101841,30,116000,50000,702,24,No
101842,35,39500,31000,771,36,No
101843,43,75000,42500,629,48,No
101844,22,53500,61500,799,36,No
101845,23,48000,14000,761,24,No
101846,21,71500,50000,658,36,No
101847,35,48500,53000,607,36,Yes
101848,25,18000,10000,582,36,No
101849,32,18000,8500,710,12,No
101850,41,94000,47000,635,12,No
101851,29,92000,94000,780,36,No
101852,37,121500,64500,639,36,Yes
101853,32,54500,36000,622,24,Yes
101854,41,32000,26500,708,48,No
101855,39,46000,59000,639,12,Yes
101856,29,55500,62000,691,60,No
101857,33,36000,15000,764,48,No
101858,44,110000,133500,699,36,No
101859,39,141000,150000,699,60,No
101860,22,67000,71000,705,36,No
101861,41,54500,43500,563,36,Yes
101862,25,32000,9000,719,36,No
101863,48,105500,107500,702,36,No
101864,44,57000,45500,757,24,Yes
101865,38,48500,27000,735,36,No
101866,36,67500,14500,675,24,No
101867,33,43000,20000,767,36,No
101868,41,58500,52500,668,36,No
101869,32,30000,10000,709,24,No
101870,37,87000,83000,667,24,No
101871,43,52500,60000,725,48,No
101872,30,89500,50500,662,24,No
101873,29,50500,15000,814,24,No
101874,24,52000,19000,841,36,No
101875,25,33000,20000,756,60,No
101876,21,75500,85500,806,48,No
101877,42,38000,35500,575,36,No
101878,51,45000,54000,583,48,No
101879,48,55000,74000,666,36,No
101880,21,58000,25000,693,48,No
101881,42,27000,27000,675,36,No
101882,48,50000,37000,567,60,No
101883,31,77000,59000,776,36,No
101884,36,47000,27000,850,36,No
101885,21,50000,29500,786,12,No
101886,37,59000,57500,771,24,No
101887,25,52000,47500,707,36,No
101888,37,35500,20000,627,60,No
101889,21,54000,18000,695,48,No
101890,40,83500,72000,848,48,No
101891,44,35500,37500,664,36,No
101892,28,47000,39500,656,60,No
101893,25,31000,6500,773,48,No
101894,21,81500,43000,778,24,Yes
101895,33,53000,58000,626,36,No
101896,30,38500,40500,670,36,Yes
101897,21,57000,12000,652,24,No
101898,39,33000,24500,695,24,No
101899,31,35500,25000,773,36,No
101900,25,30000,28500,630,24,Yes
101901,30,35000,12000,772,24,No
101902,45,97500,89000,698,60,No
101903,40,40500,52000,850,36,No
101904,34,67000,42000,714,48,No
101905,41,38500,22500,683,12,No
101906,25,75500,17500,733,60,No
101907,35,35500,9500,665,48,No
101908,36,56000,71000,555,60,No
101909,31,56000,74000,672,36,No
101910,39,146000,30000,671,36,No
101911,28,71500,88500,571,36,Yes
101912,40,43000,17000,685,36,No
101913,40,73500,62000,535,48,Yes
101914,21,135000,132500,664,12,No
101915,46,27500,17000,708,12,No
101916,21,38500,31000,697,60,Yes
101917,29,50000,46000,659,24,No
101918,44,46000,19500,684,48,No
101919,32,48000,64500,631,24,Yes
101920,22,32000,14000,691,36,No
101921,25,99000,21000,694,36,No
101922,44,30500,39000,622,36,No
101923,21,50500,35000,710,48,No
101924,45,85500,56500,710,60,Yes
101925,35,54500,28000,678,24,No
101926,24,36500,8500,850,36,No
101927,30,31000,15500,679,48,No
101928,26,50000,32500,669,24,No
101929,43,40000,32000,658,24,No
101930,42,60000,43500,617,36,No
101931,21,30500,37000,741,48,Yes
101932,31,77500,96500,639,36,No
101933,27,57500,32500,647,12,No
101934,47,59500,77500,650,60,Yes
101935,23,100500,120000,616,60,Yes
101936,49,46000,58500,559,36,Yes
101937,35,40500,41000,655,48,No
101938,25,43500,18500,756,60,Yes
101939,29,50500,21500,705,36,No
101940,28,53000,66000,807,48,No
101941,24,39000,30500,746,36,No
101942,36,23500,29000,729,24,No
101943,24,43500,44500,831,48,No
101944,21,64000,28500,683,48,No
101945,32,58000,37500,695,36,No
101946,21,91000,119500,689,36,No
101947,28,125000,28000,806,48,No
101948,27,75500,77000,690,36,No
101949,27,98500,130500,641,48,No
101950,53,76000,24500,734,12,No
101951,36,113000,58000,629,36,No
101952,37,119500,99000,730,60,No
101953,21,82000,96000,721,60,Yes
101954,29,74000,58000,676,60,No
101955,37,50500,13500,732,48,No
101956,26,54000,18500,578,36,No
101957,43,47500,30000,702,36,No
101958,24,71500,41000,655,36,No
101959,32,40500,18500,850,36,No
101960,30,51000,59500,702,36,No
101961,36,20500,5000,645,36,No
101962,29,113500,131000,587,36,Yes
101963,33,50000,63000,788,36,No
101964,33,66500,61500,664,36,No
101965,28,101500,93500,631,24,No
101966,39,62500,23000,715,36,No
101967,37,101000,86000,739,24,No
101968,34,32500,20500,738,60,No
101969,31,150500,69500,691,12,No
101970,42,87000,76000,702,48,No
101971,33,60000,12000,707,24,No
101972,32,100000,52000,715,60,No
101973,36,33500,32000,722,48,No
101974,50,48500,35000,772,60,No
101975,23,101000,37000,694,60,No
101976,42,25000,5000,629,48,No
101977,21,69500,35500,679,24,No
101978,37,69000,57500,747,36,No
101979,49,126000,102500,556,36,Yes
101980,39,28500,10000,556,60,No
101981,37,108000,98000,759,60,No
101982,30,43500,58500,804,36,No
101983,35,45500,39500,595,36,No
101984,33,33000,26500,698,36,No
101985,28,35000,32000,660,36,Yes
101986,32,65000,79000,670,36,Yes
101987,37,34500,44500,713,36,No
101988,28,75000,18500,593,60,No
101989,28,41500,18000,607,24,No
101990,23,33000,11000,667,48,No
101991,39,44000,48000,679,48,No
101992,40,63500,16000,606,36,No
101993,37,49000,60500,749,36,No
101994,44,56000,12500,659,12,No
101995,36,73500,65500,658,36,No
101996,39,86500,44500,711,60,No
101997,38,48500,36000,680,24,No
101998,34,35500,25000,753,24,Yes
101999,30,57000,60500,620,36,No
102000,55,67000,51500,585,36,No
102001,31,30000,20500,667,36,No
102002,29,38000,39500,695,36,Yes
102003,39,40500,51000,597,36,No
102004,37,50500,56000,586,48,No
102005,22,40000,42000,704,36,No
102006,45,74000,56500,633,36,No
102007,34,28000,34500,581,36,Yes
102008,25,28500,21500,762,24,No
102009,46,48000,61000,643,36,No
102010,41,51000,57500,776,48,No
102011,24,30000,11000,692,60,No
102012,51,42500,11000,712,12,No
102013,41,46500,49000,674,36,No
102014,35,46500,46000,491,36,Yes
102015,49,58500,52000,605,24,No
102016,36,41500,55000,681,48,Yes
102017,35,102500,85000,717,36,No
102018,29,67500,40500,556,60,Yes
102019,40,39000,33000,686,36,Yes
102020,39,57000,13500,606,24,No
102021,35,58000,50000,708,48,No
102022,28,91500,113500,689,24,Yes
102023,36,42500,8500,746,48,No
102024,34,76000,89000,770,48,No
102025,23,56000,63000,724,36,No
102026,22,103000,33000,755,36,No
102027,40,94500,111000,664,36,No
102028,21,59500,64000,850,36,No
102029,37,49500,38000,599,36,No
102030,31,68000,33000,650,36,No
102031,47,51000,27000,758,36,No
102032,31,111500,101000,746,48,No
102033,41,57000,27500,727,48,No
102034,31,46500,26500,741,48,Yes
102035,36,45500,58000,534,36,Yes
102036,42,33000,34500,809,36,No
102037,31,69500,72500,675,36,No
102038,44,39000,50500,783,48,No
102039,26,87000,18000,537,48,No
102040,38,32000,15500,709,60,No
102041,43,58000,55500,648,24,No
102042,41,89000,62500,733,48,No
102043,52,22500,7500,714,60,No
102044,28,128500,141000,717,24,No
102045,23,46000,11500,611,12,Yes
102046,26,58500,48500,686,24,No
102047,41,70000,59500,676,36,No
102048,39,74500,69500,727,36,No
102049,36,61500,34500,764,24,No
102050,25,83500,19000,701,36,No
102051,42,68500,83500,594,48,Yes
102052,24,115000,146000,698,60,No
102053,45,68500,51500,850,48,No
102054,61,125500,28000,813,60,No
102055,38,80500,70000,467,36,No
102056,40,26000,14500,695,48,No
102057,31,164500,67500,760,36,No
102058,21,43000,17000,676,60,No
102059,30,103000,42000,655,60,No
102060,25,55500,32000,670,48,No
102061,22,86000,45000,731,36,No
102062,51,41000,47500,604,36,No
102063,37,71500,55000,779,36,No
102064,38,49500,34000,686,24,No
102065,32,107000,39500,620,12,No
102066,33,66000,79500,774,36,No
102067,44,81500,21500,574,12,No
102068,35,22000,10500,648,60,No
102069,40,53000,48500,647,36,Yes
102070,33,65500,66000,850,48,No
102071,32,60500,68000,639,36,Yes
102072,22,82500,55500,528,24,No
102073,21,47000,28000,646,36,No
102074,33,56000,30000,724,60,No
102075,36,90500,77000,749,24,No
102076,23,21000,12500,850,48,No
102077,35,70500,40500,796,24,No
102078,35,48000,10500,704,36,No
102079,21,37500,48500,623,12,Yes
102080,27,63500,17000,812,36,No
102081,39,92000,47000,662,24,No
102082,38,85000,107000,641,60,No
102083,25,52000,54500,659,24,No
102084,36,79500,69000,596,24,No
102085,44,79000,76000,655,12,No
102086,42,53000,16500,673,60,No
102087,34,41000,46500,745,36,No
102088,31,42000,20500,661,36,Yes
102089,29,78000,101500,595,36,Yes
102090,39,54000,25000,570,60,No
102091,37,35500,32500,706,24,No
102092,41,27000,22500,695,48,No
102093,36,78000,28500,648,48,Yes
102094,42,43500,27000,655,12,Yes
102095,36,63000,69000,719,24,No
102096,42,92500,41000,794,36,No
102097,43,31500,41000,631,24,Yes
102098,28,54000,29000,697,36,Yes
102099,21,51000,47000,762,36,No
102100,49,64500,59000,632,24,Yes
102101,37,92500,68500,689,48,No
102102,21,31500,30000,687,36,No
102103,29,70000,74000,592,36,Yes
102104,42,85000,77500,703,36,No
102105,32,51000,43000,692,36,Yes
102106,30,52000,46500,732,36,No
102107,48,65500,43500,601,60,No
102108,26,63500,18000,691,36,No
102109,28,70000,27000,794,36,Yes
102110,37,69500,62500,846,48,No
102111,39,36500,46000,786,36,No
102112,39,83500,19000,602,24,No
102113,43,90000,74500,724,24,No
102114,37,59500,29000,654,36,No
102115,39,29500,25000,711,48,No
102116,33,52500,56000,632,48,No
102117,36,59500,62000,561,48,No
102118,36,34000,35000,664,12,No
102119,37,47500,52000,744,48,No
102120,42,30500,8500,712,36,No
102121,40,71000,56000,720,60,No
102122,35,59000,29500,706,48,No
102123,28,27500,34500,720,36,No
102124,36,63500,70000,730,36,No
102125,35,53500,17500,669,36,No
102126,37,68500,33000,696,36,No
102127,55,46500,33500,821,36,No
102128,30,39500,51500,701,24,Yes
102129,39,40000,13000,693,24,No
102130,45,44000,37500,698,48,No
102131,36,55500,33000,674,36,No
102132,56,58500,55000,657,48,No
102133,32,51000,48000,706,36,No
102134,38,46000,22000,652,48,No
102135,28,47500,52500,679,48,No
102136,32,157500,48000,631,48,No
102137,37,40000,45500,698,36,No
102138,43,43500,19500,734,60,No
102139,38,219500,150000,674,36,No
102140,46,65500,39500,539,48,No
102141,34,31000,28000,734,36,No
102142,32,78500,40000,699,24,No
102143,59,37500,32000,616,36,No
102144,39,80500,17000,748,36,No
102145,29,50500,32000,585,36,No
102146,29,45500,52500,768,36,No
102147,27,108000,79000,686,24,No
102148,43,70000,54000,520,60,Yes
102149,32,83000,76000,703,36,Yes
102150,36,66000,46000,660,24,No
102151,34,45500,54500,648,48,No
102152,42,71000,47000,635,36,No
102153,27,91500,117500,680,48,No
102154,25,58000,70000,654,36,No
102155,37,117000,80000,551,12,Yes
102156,40,78500,48500,785,24,No
102157,38,60000,58500,672,48,No
102158,28,61000,65000,635,48,Yes
102159,41,58500,24000,605,48,No
102160,28,32500,15500,748,12,No
102161,30,53000,19500,593,48,No
102162,27,60500,65000,700,36,No
102163,47,46000,47000,646,48,Yes
102164,41,63500,26500,651,36,No
102165,40,55500,45500,607,48,No
102166,46,76000,82000,643,60,Yes
102167,60,72500,93500,691,24,No
102168,21,59000,24000,708,48,No
102169,28,31000,17000,631,36,No
102170,29,116500,70000,683,36,No
102171,27,52000,48000,757,36,Yes
102172,25,53000,19000,565,48,No
102173,32,47500,20000,690,36,No
102174,24,45000,49500,619,12,Yes
102175,38,105000,86500,611,60,No
102176,35,98500,38000,710,36,No
102177,39,66500,43000,649,48,Yes
102178,40,52500,18500,599,36,No
102179,40,71500,44000,789,36,No
102180,32,56500,37500,759,48,No
102181,54,51000,17000,545,12,No
102182,37,63500,17000,579,36,No
102183,21,45500,55000,735,36,No
102184,26,61000,74500,669,60,No
102185,21,60000,12000,803,36,No
102186,35,71000,66500,736,60,No
102187,34,42500,13000,712,48,No
102188,31,74000,83500,613,36,Yes
102189,53,37500,45500,727,36,No
102190,40,43000,39000,594,24,No
102191,42,44000,40000,788,36,No
102192,27,35000,22000,722,12,No
102193,26,84500,41000,628,36,No
102194,35,36500,28500,750,24,Yes
102195,37,41000,14500,850,60,No
102196,21,93000,90500,674,36,No
102197,33,43500,32000,731,36,No
102198,35,51000,20500,658,36,No
102199,33,36000,31500,696,24,No
102200,28,78000,87000,577,36,No
102201,30,78500,69000,690,48,No
102202,33,75000,60500,693,36,No
102203,36,69000,81000,825,36,No
102204,40,56500,12000,555,48,No
102205,45,44000,40000,669,12,No
102206,32,39000,26000,787,48,No
102207,31,94500,40000,672,12,No
102208,39,76000,101000,677,60,No
102209,40,41000,27000,628,60,No
102210,31,56000,33000,620,48,Yes
102211,42,48500,19000,553,12,No
102212,44,34000,46000,643,36,No
102213,47,59500,70500,616,48,Yes
102214,51,46000,13000,699,36,No
102215,27,37000,31500,631,36,No
102216,35,29500,11000,654,36,No
102217,35,28500,29000,656,24,No
102218,34,47000,35500,686,36,No
102219,29,53000,17500,650,12,No
102220,22,38000,32000,610,36,No
102221,36,72500,90500,696,36,No
102222,28,53500,31500,770,24,No
102223,36,70000,18000,700,12,No
102224,28,51000,65500,644,60,No
102225,25,39500,14500,681,36,No
102226,37,57500,43000,536,36,No
102227,36,32500,27000,680,48,No
102228,40,69000,32500,660,36,No
102229,55,37000,15000,620,36,No
102230,37,81000,26500,634,36,No
102231,39,47500,13500,659,24,No
102232,25,86000,67500,764,36,Yes
102233,23,34500,40500,772,24,No
102234,49,41500,14500,620,60,No
102235,27,64500,65000,651,36,Yes
102236,26,90000,60500,653,24,Yes
102237,35,111000,26500,751,36,No
102238,34,56000,45500,701,24,No
102239,27,119000,58500,697,36,No
102240,32,48500,43500,730,60,No
102241,46,87500,52500,645,48,No
102242,28,37000,36000,792,48,No
102243,22,65500,82500,690,36,No
102244,43,20500,10000,626,36,Yes
102245,39,34500,44000,673,12,Yes
102246,29,67000,29000,782,36,No
102247,21,31500,9000,658,36,No
102248,28,66000,28000,761,12,No
102249,35,80500,91500,643,24,No
102250,45,44500,43500,633,12,No
102251,26,36500,48000,739,24,No
102252,34,45000,45500,624,12,No
102253,41,36500,24500,752,36,No
102254,21,52500,64500,716,36,No
102255,44,57500,75000,624,36,No
102256,24,48500,54000,685,24,No
102257,38,111000,93500,649,36,No
102258,37,40500,46500,716,48,No
102259,45,98500,40000,832,36,No
102260,40,35500,44000,662,36,No
102261,21,56500,76000,730,36,No
102262,28,90500,87500,692,24,No
102263,36,88500,37500,692,36,No
102264,33,46000,17000,678,36,No
102265,39,69500,90500,626,36,No
102266,42,65500,78500,715,48,No
102267,40,44000,46500,668,48,No
102268,33,71000,91500,622,36,No
102269,21,120500,94000,766,36,No
102270,31,67000,82000,697,60,No
102271,39,70000,27000,673,36,No
102272,25,73000,30000,791,60,No
102273,41,30000,23500,552,48,No
102274,43,66500,38500,785,36,No
102275,36,36000,25000,624,24,No
102276,21,43000,48000,706,24,No
102277,23,136500,35500,646,48,No
102278,52,49500,51000,621,36,No
102279,30,40500,12000,789,36,No
102280,21,89000,104500,829,36,No
102281,46,37000,16000,673,48,No
102282,35,45500,47500,715,48,No
102283,45,93000,82000,694,12,No
102284,37,56000,36000,820,36,No
102285,39,28500,14500,532,36,No
102286,38,69000,18500,718,48,No
102287,41,46500,28000,635,48,No
102288,55,105000,45000,513,36,Yes
102289,44,42500,15000,663,48,No
102290,21,85500,89500,829,36,No
102291,39,116000,51500,641,12,No
102292,45,38500,17500,749,60,No
102293,46,50500,30000,780,36,No
102294,31,65000,47500,689,48,No
102295,45,38500,30500,699,36,No
102296,43,61500,59500,561,36,Yes
102297,58,50000,44000,636,36,No
102298,28,49500,37500,758,36,No
102299,30,56000,36500,695,24,No
102300,32,56500,28500,718,48,No
102301,31,59000,60000,700,36,No
102302,27,43000,24500,850,36,No
102303,21,43500,51000,658,36,No
102304,31,52500,46000,810,36,No
102305,38,54000,50000,700,36,No
102306,31,45500,35500,817,48,No
102307,52,63000,80000,598,36,Yes
102308,35,25500,17500,704,36,No
102309,47,40500,28000,660,36,No
102310,37,49000,60000,700,24,No
102311,42,38500,34500,782,36,No
102312,38,109000,78000,718,60,No
102313,47,55500,28000,782,36,No
102314,36,59000,28500,640,60,No
102315,39,45000,50500,628,24,No
102316,38,54500,28500,691,48,No
102317,32,33000,7000,687,48,No
102318,39,51000,11500,676,48,No
102319,55,37000,49000,618,36,Yes
102320,33,49000,41500,780,12,No
102321,39,19000,14500,663,48,No
102322,46,34000,42500,797,36,No
102323,45,101500,61500,691,36,No
102324,35,78000,87000,739,12,No
102325,21,95500,98500,732,24,No
102326,40,98500,73500,628,60,No
102327,21,73000,79500,718,36,No
102328,48,45500,59500,835,36,No
102329,37,35500,15500,709,24,No
102330,44,89000,19500,758,36,No
102331,27,56500,64500,742,48,No
102332,21,157000,104500,713,60,No
102333,37,47000,39000,704,36,No
102334,35,126000,57500,731,36,No
102335,31,51500,60000,747,12,No
102336,36,96500,99500,589,36,No
102337,60,112000,145000,709,36,No
102338,43,36000,27000,676,60,No
102339,44,45000,59500,661,12,No
102340,43,35500,28000,787,36,No
102341,48,33000,30000,635,36,No
102342,33,73000,71000,585,36,No
102343,21,50500,38500,750,36,No
102344,33,56000,47500,583,36,No
102345,42,69500,31500,545,36,Yes
102346,26,25000,15500,758,36,No
102347,33,94500,95000,702,36,No
102348,29,47500,11500,725,48,No
102349,49,69000,69500,657,24,Yes
102350,42,71500,39500,586,36,Yes
102351,41,98000,50000,601,60,No
102352,41,52500,52500,670,36,No
102353,35,22500,10000,595,24,No
102354,37,56500,74000,713,60,No
102355,24,60000,80500,655,24,No
102356,21,35500,26000,704,48,Yes
102357,36,58500,38500,702,24,No
102358,38,47500,14000,719,60,No
102359,46,31500,34500,727,24,No
102360,49,73000,28500,664,36,No
102361,49,43500,55500,704,60,No
102362,26,46500,62500,708,36,No
102363,32,45500,15500,508,36,No
102364,39,92500,91000,738,12,No
102365,58,54000,39500,701,12,No
102366,48,57000,47000,732,36,No
102367,45,45500,18500,593,36,No
102368,32,67000,69000,666,36,No
102369,27,97000,38000,608,60,Yes
102370,42,72000,87500,746,48,No
102371,25,73500,53000,585,60,No
102372,33,71000,66000,620,36,No
102373,34,31000,39000,730,36,No
102374,49,38000,40000,643,36,No
102375,32,50500,41500,620,36,Yes
102376,21,40500,27000,758,24,No
102377,40,35000,25500,761,48,No
102378,29,25000,15000,744,48,No
102379,35,31000,40000,754,36,Yes
102380,34,49500,24500,673,36,No
102381,33,53500,36000,675,24,No
102382,42,39500,43500,641,36,Yes
102383,21,57000,35500,703,36,No
102384,30,46000,56000,650,60,No
102385,41,87000,41500,658,36,No
102386,29,51500,12000,735,36,No
102387,21,73500,68000,779,48,No
102388,41,60000,47000,720,60,No
102389,45,30500,39000,825,48,No
102390,35,53000,36500,637,36,No
102391,21,32500,11500,552,36,No
102392,41,52500,30500,744,36,No
102393,21,40000,26000,632,48,No
102394,38,64500,56000,669,60,No
102395,27,31500,16000,557,36,Yes
102396,25,55500,46000,623,36,Yes
102397,31,70000,87000,577,36,No
102398,33,80500,55500,657,24,Yes
102399,29,40000,38000,660,24,No
102400,40,55500,25500,697,12,No
102401,31,59500,66500,783,36,No
102402,44,105500,54000,741,36,No
102403,38,29500,25500,568,36,No
102404,29,37500,20500,736,36,No
102405,27,178500,49500,698,24,No
102406,21,49000,28000,683,36,No
102407,38,25000,11000,688,24,No
102408,32,43000,52500,705,12,No
102409,21,18000,9000,638,60,Yes
102410,30,61000,80500,676,12,No
102411,27,77500,59500,779,36,No
102412,49,37500,17000,637,36,No
102413,21,45000,29500,613,36,No
102414,22,81000,33500,685,36,No
102415,45,26500,30500,605,48,No
102416,47,31500,10500,561,36,No
102417,28,50000,60000,664,36,No
102418,29,40000,10000,799,60,No
102419,41,48500,26500,687,24,No
102420,21,32500,11500,703,36,No
102421,21,60000,59500,530,24,Yes
102422,32,51500,40500,723,12,No
102423,49,69500,89000,697,60,No
102424,31,60000,37500,640,48,Yes
102425,36,60000,15000,704,24,No
102426,45,30000,32500,703,36,No
102427,54,67500,58500,611,24,No
102428,30,48000,55500,715,48,No
102429,35,51500,35500,780,36,No
102430,51,85500,89500,673,60,No
102431,21,40500,16000,625,24,No
102432,44,97000,131000,677,36,No
102433,26,101000,40500,754,60,No
102434,36,75500,87000,598,60,No
102435,33,36500,16000,733,36,No
102436,26,22000,24000,639,36,No
102437,26,86500,103000,708,60,No
102438,37,57500,69500,648,36,Yes
102439,44,40000,30000,647,36,No
102440,34,90000,62500,804,36,No
102441,36,38500,44500,584,60,Yes
102442,40,46000,40000,726,36,Yes
102443,26,68500,62500,820,24,No
102444,42,34500,16500,741,36,Yes
102445,42,52500,37500,590,48,No
102446,58,87000,54500,594,36,No
102447,32,60000,58000,634,36,No
102448,31,93000,39500,702,36,No
102449,42,88500,59000,707,36,No
102450,42,55000,64500,595,60,No
102451,30,20500,17000,625,36,No
102452,31,34500,42500,629,48,Yes
102453,40,76000,35500,676,36,No
102454,28,28500,20000,839,12,No
102455,31,48000,37000,620,36,Yes
102456,36,63500,42000,617,12,No
102457,44,102000,100500,605,48,No
102458,30,43000,16000,738,48,No
102459,21,42000,33500,687,12,No
102460,21,54000,19500,623,36,No
102461,24,63500,58500,663,60,No
102462,23,51500,59500,631,36,Yes
102463,34,85500,19000,712,60,No
102464,24,39500,28500,850,24,No
102465,29,58000,44500,731,12,No
102466,28,66500,68500,683,36,Yes
102467,31,46500,13500,640,24,No
102468,47,78500,52500,589,60,No
102469,41,58500,64500,745,36,No
102470,35,76500,62000,741,48,No
102471,31,59500,63000,655,36,No
102472,31,64500,40000,781,36,No
102473,38,42000,53000,692,48,No
102474,40,42000,12000,748,36,No
102475,27,92000,28000,712,48,No
102476,35,72000,58000,677,36,No
102477,21,36000,26500,618,36,No
102478,37,59500,55500,679,36,No
102479,42,20500,9500,753,36,No
102480,32,43000,20000,652,36,Yes
102481,51,82500,87500,723,36,No
102482,27,52000,28000,609,36,No
102483,37,58000,60000,749,24,No
102484,35,18000,17000,713,48,No
102485,34,46500,14000,600,48,Yes
102486,34,63500,64500,673,36,Yes
102487,36,67000,81000,760,60,No
102488,43,82500,94000,596,60,Yes
102489,47,50500,10500,610,60,No
102490,35,51500,42500,685,12,No
102491,42,31500,39500,850,36,No
102492,29,50500,45000,640,36,No
102493,42,32500,17500,727,48,No
102494,28,25500,11000,710,36,No
102495,45,35000,34500,646,36,No
102496,55,103500,112500,702,48,No
102497,34,49000,61000,656,60,Yes
102498,21,60500,75000,663,36,No
102499,30,44500,26500,565,60,No
102500,46,26000,23500,688,48,No
102501,40,81500,26000,757,36,No
102502,37,22000,7000,694,48,No
102503,44,43500,12500,772,24,No
102504,39,54000,68500,734,24,No
102505,46,60500,22500,686,60,No
102506,43,40500,30500,643,36,No
102507,49,25500,18000,654,36,No
102508,38,39500,22500,580,60,No
102509,43,40000,32500,670,36,Yes
102510,32,40000,8000,701,24,No
102511,30,82500,52500,819,12,No
102512,50,33000,25000,730,36,No
102513,37,62500,70000,625,24,No
102514,42,59000,59500,582,12,Yes
102515,36,82500,97000,675,48,Yes
102516,30,52000,33000,751,36,No
102517,35,76500,27500,673,36,No
102518,48,51000,33500,731,24,No
102519,40,66000,86500,676,36,No
102520,21,29500,13000,744,36,No
102521,33,18000,7000,570,36,No
102522,51,64500,83000,810,36,No
102523,33,66000,85500,607,36,No
102524,21,67000,25000,750,24,No
102525,52,44000,47500,670,24,No
102526,41,103000,71500,681,36,No
102527,34,45500,35000,672,24,No
102528,32,65500,50500,709,24,No
102529,45,70500,92500,724,24,No
102530,30,113000,46500,769,48,No
102531,45,48000,52500,796,36,No
102532,40,42000,8500,715,36,No
102533,37,29500,27000,819,36,No
102534,36,105500,100500,697,36,No
102535,33,65500,70000,771,36,No
102536,44,66500,84000,722,36,No
102537,27,203500,150000,649,36,No
102538,21,63000,65500,704,36,No
102539,41,32000,15500,728,24,No
102540,41,50500,68000,688,60,No
102541,39,36500,27000,721,48,No
102542,39,46500,31500,755,12,No
102543,32,46500,36000,688,60,No
102544,42,43000,28000,469,24,Yes
102545,35,30500,27000,816,24,No
102546,31,107500,64500,668,24,Yes
102547,32,62500,29500,628,60,No
102548,53,50000,63500,606,24,No
102549,21,75500,95500,665,48,No
102550,39,67000,51500,648,36,No
102551,21,62000,81000,635,36,No
102552,34,73500,50000,639,36,Yes
102553,31,58000,37500,730,24,No
102554,21,73000,91500,842,48,No
102555,39,75500,70000,752,36,No
102556,32,59000,63500,774,36,No
102557,21,50000,33500,662,12,No
102558,43,104500,70000,698,48,No
102559,48,45000,13500,722,48,No
102560,48,65000,85500,641,36,Yes
102561,38,65500,30500,658,36,No
102562,35,42500,32500,754,36,No
102563,47,39000,13000,772,36,No
102564,50,47500,45000,695,12,No
102565,45,44500,29000,600,48,No
102566,27,30000,32500,668,12,No
102567,37,42000,34000,582,12,No
102568,39,61500,21500,696,12,No
102569,21,93500,20000,709,24,No
102570,39,69500,31000,670,36,No
102571,55,18500,19000,708,48,Yes
102572,41,72000,83000,721,36,No
102573,48,43500,26000,709,36,No
102574,37,66500,54500,600,36,No
102575,34,54500,26000,671,36,No
102576,38,50500,61000,721,48,No
102577,28,52500,69000,808,48,No
102578,26,54500,58000,670,48,No
102579,46,96500,29000,731,48,No
102580,47,54500,38500,756,60,No
102581,26,87000,116500,675,36,No
102582,44,81500,38000,776,36,No
102583,34,73000,71000,780,48,No
102584,38,26000,33500,794,24,No
102585,39,88000,96000,724,36,Yes
102586,44,45500,41000,850,60,No
102587,36,74500,58500,644,36,No
102588,48,36500,46500,849,12,No
102589,38,33500,22000,748,36,No
102590,41,126000,150000,791,24,No
102591,28,37000,25500,666,36,Yes
102592,54,89000,95000,753,36,Yes
102593,39,58000,72500,797,36,No
102594,41,46000,38500,608,36,Yes
102595,21,54000,30000,678,12,No
102596,28,32000,8500,529,36,Yes
102597,46,54500,61500,677,12,Yes
102598,38,35000,32000,629,36,No
102599,21,46500,23500,674,36,No
102600,44,81000,98000,850,24,Yes
102601,30,61000,77000,819,60,No
102602,48,29500,36000,582,36,No
102603,34,78500,70000,732,24,No
102604,37,55000,73000,750,36,No
102605,46,44000,53000,665,24,No
102606,27,75500,24000,703,12,No
102607,26,51500,68500,711,60,Yes
102608,33,33500,28000,589,36,No
102609,42,119500,150000,613,48,No
102610,23,54500,58500,703,36,No
102611,21,53000,50000,697,60,No
102612,42,46500,27000,637,60,No
102613,30,90500,21000,630,12,No
102614,31,44000,23000,683,24,No
102615,21,28500,28000,756,36,No
102616,29,41500,49500,684,36,No
102617,35,96000,19500,812,36,No
102618,43,78000,34500,638,36,No
102619,28,49500,48000,704,48,Yes
102620,50,98000,51500,663,12,No
102621,29,75500,27500,734,48,No
102622,29,49000,14500,631,36,No
102623,49,51500,48000,835,12,No
102624,37,63000,55500,563,48,Yes
102625,30,39000,46500,819,36,No
102626,34,55000,31000,697,48,No
102627,47,62500,22500,731,60,No
102628,48,27000,30000,790,12,No
102629,28,51000,68000,754,36,No
102630,35,48500,30000,635,24,No
102631,36,84500,101000,735,24,No
102632,26,25500,27500,830,60,No
102633,34,47000,58500,623,48,No
102634,35,45000,31000,849,36,No
102635,45,82500,26000,719,48,No
102636,46,54000,18000,658,60,No
102637,32,117000,126000,623,24,Yes
102638,33,72500,86500,673,12,No
102639,41,46500,33500,543,48,No
102640,30,61000,16500,659,48,No
102641,40,47500,13000,670,24,No
102642,34,79000,70000,609,36,No
102643,26,31500,39500,746,24,No
102644,26,39000,25500,674,36,Yes
102645,48,66500,63000,642,36,Yes
102646,34,92000,75500,666,36,No
102647,50,22000,27000,717,48,No
102648,30,98000,113500,695,36,No
102649,38,52000,22500,637,48,Yes
102650,57,25000,24500,699,36,No
102651,25,18000,21000,686,36,Yes
102652,21,29000,37000,605,36,No
102653,47,54500,48000,668,24,No
102654,28,53500,21500,733,48,No
102655,35,72000,60500,733,36,No
102656,30,43500,42000,673,36,No
102657,37,34500,17500,741,60,No
102658,26,46000,60500,617,48,Yes
102659,33,56000,26000,619,24,No
102660,39,60500,75500,671,24,No
102661,26,39500,27000,802,36,No
102662,29,80500,16000,702,24,No
102663,32,42500,35000,669,60,No
102664,22,38000,35000,806,36,No
102665,31,44000,53000,668,12,No
102666,36,86500,71000,850,36,No
102667,31,52000,16000,652,24,No
102668,33,41000,52000,614,36,No
102669,35,81000,69000,678,24,No
102670,29,135500,69500,671,48,No
102671,41,60000,74000,629,48,Yes
102672,48,92500,31500,850,60,No
102673,31,85000,26500,714,24,No
102674,39,42500,34500,725,36,Yes
102675,33,55500,51000,655,48,No
102676,38,32000,25000,647,36,No
102677,49,50500,64000,767,36,No
102678,40,42500,21500,564,60,Yes
102679,21,46500,62500,604,48,Yes
102680,39,40000,9000,671,60,No
102681,46,49000,16500,791,36,No
102682,33,69000,28500,662,36,Yes
102683,44,52500,15500,721,36,No
102684,29,25000,17500,692,36,No
102685,22,40000,48000,787,24,No
102686,36,29000,33000,571,48,Yes
102687,21,61000,64500,745,36,No
102688,33,68000,14000,675,36,No
102689,47,61500,73500,759,60,Yes
102690,21,39500,26000,629,48,Yes
102691,23,61000,63500,692,24,No
102692,26,45000,46500,682,36,No
102693,34,34000,13500,615,36,No
102694,32,75000,59500,594,36,No
102695,48,77500,98000,646,12,No
102696,44,82000,41000,700,36,No
102697,39,42500,43500,633,48,No
102698,36,90500,118000,665,60,No
102699,39,44500,27500,549,36,No
102700,27,72500,47000,662,36,Yes
102701,43,44500,32000,767,24,No
102702,25,50000,56500,743,60,No
102703,43,20000,14000,683,48,No
102704,46,48500,37000,708,60,Yes
102705,37,57000,26000,628,36,No
102706,33,46500,62000,812,24,No
102707,39,115000,141000,845,36,No
102708,21,34000,30500,702,36,No
102709,38,43500,57000,850,36,No
102710,34,37500,37000,639,24,No
102711,35,43500,56500,596,12,No
102712,41,85000,33000,637,36,No
102713,34,102500,47000,674,60,No
102714,25,41000,50000,850,48,No
102715,34,40500,27500,669,48,No
102716,36,34000,21500,626,24,No
102717,36,95000,101500,623,48,No
102718,36,88000,81500,776,36,No
102719,44,52500,31500,765,12,No
102720,25,30500,20000,654,36,No
102721,37,32000,21500,549,24,Yes
102722,47,59000,20500,605,60,No
102723,21,69500,32000,819,48,No
102724,37,23000,19000,742,36,No
102725,30,48000,53000,695,36,No
102726,32,108500,74000,830,36,No
102727,27,50000,32000,837,24,No
102728,33,103000,97500,687,36,No
102729,52,72000,27500,689,48,No
102730,24,35000,22500,646,48,No
102731,24,48500,21500,669,24,No
102732,23,52000,49500,579,36,Yes
102733,51,37000,12000,578,12,No
102734,31,36500,26000,561,24,Yes
102735,35,103500,91500,771,24,No
102736,31,36500,42500,573,12,Yes
102737,27,86500,89500,836,36,No
102738,33,46000,59000,635,36,No
102739,57,54500,53500,820,48,Yes
102740,48,69500,42000,663,36,No
102741,27,43000,20000,573,24,Yes
102742,41,70000,18500,786,60,No
102743,28,23500,12000,795,60,No
102744,21,66000,23500,622,24,No
102745,44,19500,12000,665,36,No
102746,45,50000,50500,622,24,No
102747,44,78500,78000,681,60,No
102748,31,71500,40500,698,36,No
102749,33,32000,25000,664,24,Yes
102750,42,33500,15000,554,48,No
102751,39,41000,32000,646,48,Yes
102752,31,59500,47000,743,24,No
102753,21,23500,13000,674,36,No
102754,36,54500,27000,665,36,No
102755,45,62500,83000,620,36,Yes
102756,24,49000,40000,644,36,No
102757,41,68500,58000,796,48,No
102758,38,60500,12500,605,48,Yes
102759,42,44000,18000,744,48,No
102760,43,24500,15000,694,48,No
102761,29,58000,76000,708,36,No
102762,21,37000,15000,635,36,No
102763,30,43000,23500,664,48,No
102764,43,67500,90500,690,24,No
102765,30,99500,75000,651,24,No
102766,29,54000,30500,715,24,No
102767,21,69500,64500,724,48,No
102768,51,30000,23000,850,36,No
102769,42,61000,79500,711,36,No
102770,42,53500,16000,547,36,Yes
102771,44,92000,102000,777,48,Yes
102772,40,44000,23000,675,24,No
102773,33,49500,56000,841,36,No
102774,34,86000,101000,800,48,No
102775,31,53000,62500,652,36,Yes
102776,59,34500,41500,744,36,No
102777,40,160500,150000,645,24,No
102778,31,35000,12500,690,60,No
102779,39,53500,14000,741,36,No
102780,26,63500,37500,773,60,Yes
102781,49,61500,47500,757,48,No
102782,29,51000,28000,696,60,No
102783,40,51000,53500,850,12,No
102784,45,50000,51500,663,36,No
102785,38,34500,45500,569,24,Yes
102786,36,135500,89500,584,36,Yes
102787,35,50000,55000,801,36,No
102788,34,70500,74000,684,36,No
102789,30,48000,64000,702,36,No
102790,31,47500,52000,649,36,No
102791,48,45500,24000,656,36,No
102792,34,28500,6000,631,36,Yes
102793,28,51500,67500,725,36,No
102794,30,46500,47500,683,48,No
102795,45,90000,102000,723,12,No
102796,41,33500,37500,715,48,Yes
102797,40,43000,45000,658,36,No
102798,33,37500,40000,581,36,Yes
102799,40,101000,128000,574,48,No
102800,29,38000,47500,850,36,No
102801,33,69500,44000,801,36,Yes
102802,44,82500,19500,791,60,Yes
102803,43,51500,12500,639,12,No
102804,26,31000,22000,691,36,No
102805,27,31000,36000,629,60,Yes
102806,36,79000,93000,592,48,No
102807,51,32500,21500,646,36,No
102808,21,65000,35500,789,24,No
102809,38,57500,45000,753,36,No
102810,23,64500,74500,617,60,No
102811,29,67000,62500,666,48,No
102812,32,37000,13500,746,36,No
102813,31,36500,22500,647,24,No
102814,30,74500,62500,696,48,No
102815,35,42000,34500,720,36,No
102816,30,18000,21000,719,60,No
102817,22,72000,91500,709,36,No
102818,42,35500,11000,641,36,No
102819,42,67000,30500,649,36,No
102820,43,98500,64000,605,36,No
102821,21,55500,30000,573,36,No
102822,38,83500,56000,681,12,No
102823,41,58500,14500,751,36,No
102824,26,107000,29500,586,24,No
102825,35,35000,40500,710,48,No
102826,34,55000,17500,749,24,No
102827,52,73000,84000,552,36,No
102828,52,51000,28000,670,36,No
102829,21,89000,49500,813,24,No
102830,57,46000,14500,731,36,Yes
102831,27,131000,28000,550,48,No
102832,44,134000,81500,739,36,No
102833,44,62000,72000,634,36,No
102834,26,69500,87500,742,48,No
102835,39,90500,24500,638,60,No
102836,34,33500,8000,686,48,No
102837,40,31500,12000,650,36,No
102838,37,93000,100500,690,36,Yes
102839,46,61500,27000,647,36,No
102840,36,50000,23500,673,36,No
102841,33,55500,68000,602,36,No
102842,45,20000,24000,727,48,No
102843,40,51000,49500,703,36,No
102844,42,40000,15500,569,60,No
102845,29,81000,51500,764,60,No
102846,26,83500,39500,677,36,No
102847,30,70000,68000,702,24,No
102848,29,65000,71500,747,60,No
102849,42,29500,10500,715,24,No
102850,44,70500,87000,777,48,No
102851,34,71500,52500,668,12,Yes
102852,48,93000,103500,768,24,No
102853,47,134000,35000,699,36,No
102854,37,27000,16500,728,36,No
102855,28,46500,10000,720,60,No
102856,49,40500,41500,783,24,No
102857,34,59000,17000,744,24,No
102858,36,55500,32500,657,48,No
102859,32,50000,55000,642,60,No
102860,27,84500,89500,686,36,No
102861,22,34500,32500,633,48,No
102862,41,35500,35500,611,12,Yes
102863,28,36000,34000,530,48,No
102864,63,47500,44500,574,48,No
102865,25,33000,20000,839,60,No
102866,24,54000,12500,641,36,No
102867,40,51500,36500,833,60,No
102868,49,39500,10000,720,36,No
102869,36,79500,59000,686,48,No
102870,40,53500,39500,577,48,No
102871,21,86000,35000,690,36,No
102872,29,50500,55500,832,60,No
102873,25,54500,55000,807,48,No
102874,21,43500,36500,711,60,No
102875,36,55000,69500,604,36,No
102876,21,74000,39000,618,48,Yes
102877,23,46500,23500,626,36,No
102878,30,68500,28000,786,60,No
102879,28,39000,32000,812,12,No
102880,39,75500,33000,705,36,No
102881,38,43000,51500,667,24,No
102882,43,78500,43000,806,48,No
102883,42,56500,43000,617,36,No
102884,45,104000,84000,694,60,No
102885,35,34000,19000,725,60,No
102886,38,29500,31000,625,36,Yes
102887,40,42500,42500,642,48,Yes
102888,36,30500,33000,636,48,No
102889,31,31000,28000,796,36,No
102890,32,71500,52000,834,36,No
102891,28,55000,39500,699,24,Yes
102892,39,45000,46000,670,12,No
102893,34,46500,29500,645,36,Yes
102894,29,43000,30000,690,36,Yes
102895,29,110000,42500,649,36,No
102896,24,40500,40000,683,60,No
102897,44,31500,9000,721,12,No
102898,36,77000,103000,660,60,No
102899,27,50000,18500,676,48,No
102900,42,129500,83000,676,48,No
102901,30,44000,21000,666,36,No
102902,22,78500,42000,657,24,No
102903,44,86500,49500,747,60,No
102904,30,44000,45000,557,48,No
102905,31,40500,16500,808,48,No
102906,35,75000,38000,700,24,No
102907,45,70000,22000,736,36,No
102908,35,30500,17500,744,36,Yes
102909,24,34000,43500,637,36,Yes
102910,40,19000,12000,621,48,Yes
102911,31,70500,77000,613,24,Yes
102912,52,49500,36000,671,24,No
102913,35,51500,37000,742,12,No
102914,21,27000,31000,646,24,No
102915,38,34500,8000,736,24,No
102916,53,45000,54000,512,12,No
102917,49,41500,31500,661,36,Yes
102918,51,58000,35000,778,36,Yes
102919,26,70500,87500,677,48,No
102920,43,142500,84000,628,36,No
102921,29,54500,72000,641,24,No
102922,37,88000,112500,463,48,No
102923,24,39000,20000,614,36,Yes
102924,29,27000,16000,769,24,No
102925,29,47500,54000,646,36,No
102926,43,28000,12000,655,60,No
102927,42,55500,58000,515,36,Yes
102928,37,39500,14000,568,60,Yes
102929,23,24000,10500,779,24,No
102930,32,114000,88500,736,24,Yes
102931,28,44000,46500,593,24,No
102932,43,27500,29000,643,48,No
102933,46,80000,72000,688,36,No
102934,45,40500,21000,600,36,No
102935,28,87000,59000,540,60,Yes
102936,21,40500,19500,678,36,No
102937,21,44000,23000,733,24,No
102938,48,63500,36500,734,48,No
102939,31,70500,62500,756,24,No
102940,28,76000,33500,573,36,No
102941,50,53000,13000,694,60,No
102942,46,68500,68000,670,36,Yes
102943,35,75000,17000,683,36,No
102944,32,60000,79000,674,36,No
102945,34,52000,31500,640,24,No
102946,37,30000,6000,464,36,Yes
102947,49,70500,86000,777,36,No
102948,39,56000,50000,715,24,No
102949,42,46000,52500,579,12,Yes
102950,46,94000,66000,725,36,No
102951,24,30000,18000,656,36,No
102952,42,109500,104500,659,36,No
102953,32,54500,36500,632,60,No
102954,21,63000,53000,730,24,No
102955,21,46500,24000,630,24,No
102956,26,27500,16000,608,60,No
102957,40,52000,15500,775,24,No
102958,36,63500,70000,677,60,Yes
102959,37,73000,44000,679,36,No
102960,53,50500,66500,742,36,No
102961,24,22000,11000,640,36,No
102962,35,29000,21500,655,36,No
102963,38,130000,71500,713,48,No
102964,28,35000,35000,574,12,No
102965,35,100000,113000,707,48,Yes
102966,21,37000,28000,633,48,No
102967,48,51000,31500,754,48,No
102968,29,71500,75500,731,12,No
102969,53,39000,16500,721,48,No
102970,35,107500,95500,569,48,No
102971,44,57000,59500,682,12,Yes
102972,35,66500,34000,602,60,Yes
102973,35,49000,46500,687,24,Yes
102974,30,72500,76000,516,60,Yes
102975,36,106500,35500,574,12,No
102976,38,52000,30000,779,24,No
102977,28,113500,75500,718,48,No
102978,34,42500,46500,663,24,No
102979,30,76000,65000,622,24,No
102980,56,67500,48500,609,12,No
102981,34,35000,20000,705,48,No
102982,49,60000,12500,664,12,No
102983,33,55000,12500,806,36,Yes
102984,37,38500,18500,676,36,Yes
102985,23,64000,21500,694,36,No
102986,31,58500,19500,586,36,No
102987,37,53500,48000,663,36,No
102988,49,53500,48000,703,60,No
102989,37,53000,13500,662,48,No
102990,47,47000,41500,654,60,Yes
102991,41,58500,21500,715,48,No
102992,50,42000,26500,804,48,No
102993,34,168000,150000,701,60,No
102994,57,30500,24500,776,36,No
102995,31,43000,10500,737,60,No
102996,28,44500,26500,771,12,No
102997,24,129500,126000,644,24,No
102998,56,31500,14500,674,36,No
102999,42,66000,86500,675,36,No
103000,32,61000,42000,731,36,No
103001,46,63500,14000,749,36,No
103002,41,92500,76000,699,36,No
103003,53,91500,89500,756,60,No
103004,21,45500,33000,648,36,No
103005,33,59500,75500,756,36,No
103006,31,25000,31000,766,48,No
103007,21,57500,20500,741,36,No
103008,45,39500,11500,700,48,No
103009,33,51000,28500,743,36,No
103010,42,27000,24500,623,12,No
103011,56,65000,58000,705,60,No
103012,32,27000,14000,713,12,No
103013,31,58500,75500,590,48,Yes
103014,36,33000,18500,726,36,No
103015,44,38500,43500,596,36,No
103016,30,89500,103500,658,48,Yes
103017,29,70500,22000,693,36,No
103018,45,89000,41500,635,24,No
103019,38,106000,47500,696,48,No
103020,21,40000,50500,695,12,No
103021,24,103000,62000,628,36,No
103022,49,29500,34500,733,36,No
103023,39,75000,56000,633,36,Yes
103024,28,44500,32500,850,36,No
103025,33,37000,46000,682,36,No
103026,35,71000,50000,602,36,No
103027,42,82000,86500,616,36,No
103028,23,81000,55500,776,60,No
103029,27,60000,19000,659,12,No
103030,37,58000,15000,588,60,No
103031,34,68500,30000,754,36,No
103032,40,62500,64500,659,36,No
103033,24,69000,43500,739,48,No
103034,38,60000,43500,760,36,No
103035,45,78500,25000,711,36,No
103036,39,28000,25500,850,60,No
103037,36,52000,58500,561,48,No
103038,34,31000,28500,629,36,No
103039,27,62000,82500,671,48,Yes
103040,34,109500,24000,850,36,No
103041,46,45000,10000,825,48,No
103042,34,58000,45000,787,24,No
103043,27,75500,38000,630,12,No
103044,31,23000,23000,639,36,Yes
103045,37,44000,49000,628,24,No
103046,32,64000,20500,631,48,No
103047,39,18000,22500,802,24,No
103048,40,36500,8500,672,12,No
103049,43,87500,87000,682,36,No
103050,48,84000,54000,748,36,No
103051,44,64500,62500,565,60,No
103052,27,79500,25000,694,24,No
103053,27,60000,76500,608,24,No
103054,34,69500,89000,668,12,No
103055,31,48000,38500,646,36,No
103056,25,57500,45000,642,24,Yes
103057,31,42000,39000,707,48,No
103058,31,93500,81000,707,12,No
103059,29,104000,86000,674,60,No
103060,32,98000,86000,718,36,No
103061,46,46500,55000,625,48,Yes
103062,37,37000,33500,741,24,No
103063,57,94000,40000,675,24,No
103064,37,69000,86500,654,36,Yes
103065,32,63000,28000,630,36,No
103066,35,42000,16500,672,36,No
103067,37,66000,89000,830,36,No
103068,39,35000,15500,685,36,No
103069,54,72000,22500,604,60,No
103070,27,98000,83000,759,36,No
103071,43,109000,125500,655,24,Yes
103072,37,74000,20000,711,36,No
103073,21,31000,23500,645,36,Yes
103074,42,60000,16500,786,36,No
103075,46,135000,93500,646,36,No
103076,27,38000,22500,795,36,No
103077,35,53500,19000,611,48,No
103078,21,99500,126500,668,24,Yes
103079,24,71500,66500,795,12,No
103080,44,156000,150000,703,48,No
103081,31,40500,50500,850,24,No
103082,25,36500,46500,670,36,Yes
103083,37,92000,97500,709,36,No
103084,30,33500,18500,833,48,No
103085,31,50500,58000,576,24,No
103086,42,53500,42500,567,60,Yes
103087,25,85000,43500,630,36,No
103088,27,71000,45500,751,60,No
103089,36,66500,36500,569,36,Yes
103090,44,46500,34000,735,48,No
103091,46,91500,100500,730,36,No
103092,29,250000,150000,841,48,No
103093,43,73500,37500,768,36,No
103094,28,57500,17500,717,60,No
103095,51,32000,38000,792,48,No
103096,25,42000,28500,730,36,No
103097,47,50500,36000,655,24,No
103098,29,44000,47500,604,24,No
103099,53,54500,64000,647,60,No
103100,40,116000,91500,687,60,No
103101,26,93000,86000,703,24,No
103102,30,51500,24500,530,24,No
103103,42,33000,42000,674,24,No
103104,44,96500,82500,692,24,Yes
103105,34,54000,55500,731,36,No
103106,35,26500,9000,812,48,No
103107,42,74000,69000,704,24,No
103108,36,84500,53000,622,60,No
103109,23,20000,14500,554,60,No
103110,28,39000,38500,742,36,No
103111,37,52500,58500,625,36,Yes
103112,46,75000,45000,755,36,No
103113,50,44500,53500,795,24,No
103114,42,39000,17500,574,48,No
103115,38,74500,63000,732,36,No
103116,42,45000,17000,787,24,No
103117,29,69000,37000,766,60,No
103118,34,34500,42500,533,36,Yes
103119,28,31000,6500,626,24,Yes
103120,24,75500,94500,594,60,No
103121,38,61000,35000,729,24,No
103122,37,81000,81000,721,12,No
103123,41,44000,13500,488,24,No
103124,40,39500,37000,667,36,No
103125,37,97500,121500,750,36,Yes
103126,40,29000,24500,701,48,No
103127,35,93000,57500,701,36,No
103128,39,96000,107000,663,36,No
103129,28,79000,80500,611,12,No
103130,38,41000,13500,689,36,No
103131,41,39000,37500,694,60,Yes
103132,29,50500,48500,736,48,No
103133,35,32000,34000,742,48,No
103134,29,36500,20500,696,36,No
103135,30,72000,47500,772,36,No
103136,25,72000,94000,662,48,Yes
103137,46,35500,30500,582,60,No
103138,45,73000,57500,726,48,No
103139,40,66500,89000,699,36,No
103140,53,103500,48000,727,12,No
103141,33,70000,46000,595,24,No
103142,62,86000,92500,824,12,No
103143,33,67000,68500,743,36,No
103144,37,83000,109000,668,12,No
103145,31,32000,30500,620,36,No
103146,38,52500,29500,771,36,No
103147,43,54000,35500,607,36,No
103148,34,49500,15000,850,36,No
103149,51,66500,84000,644,24,Yes
103150,37,72000,25000,819,36,No
103151,37,65000,54000,676,60,No
103152,27,51000,33500,809,36,No
103153,39,40500,14500,635,60,Yes
103154,34,87000,46500,691,36,No
103155,30,63500,59000,750,36,No
103156,28,36000,8500,740,36,No
103157,59,50500,66000,773,48,No
103158,33,26500,33000,653,60,No
103159,22,56000,16500,696,36,No
103160,29,50500,60500,784,48,No
103161,35,43000,25000,637,60,No
103162,40,107000,29500,733,48,No
103163,40,34000,19000,674,12,No
103164,41,74000,83500,705,12,No
103165,29,138000,133500,696,60,No
103166,38,86500,41000,631,48,No
103167,27,54500,56000,670,60,Yes
103168,29,34000,34500,701,36,Yes
103169,27,31000,32500,682,48,No
103170,24,46500,38000,808,48,No
103171,45,41000,47000,766,60,No
103172,41,40500,38000,712,48,No
103173,44,48000,16500,633,24,No
103174,35,52500,59500,628,48,No
103175,42,67500,38500,838,36,No
103176,21,32500,33000,614,36,No
103177,43,41500,40500,699,24,No
103178,37,51500,30000,717,60,No
103179,41,50500,19500,667,24,No
103180,38,119000,119000,615,36,No
103181,26,60500,71000,631,36,Yes
103182,22,28000,32500,649,60,Yes
103183,29,65500,60500,637,36,No
103184,40,69000,32000,790,36,No
103185,41,52000,29500,689,12,No
103186,23,33000,35000,651,36,No
103187,26,115000,77500,698,36,No
103188,28,35000,36500,740,48,No
103189,32,72500,40500,664,36,No
103190,23,60000,12500,758,24,No
103191,22,71000,63500,595,60,No
103192,28,112500,100000,778,12,No
103193,36,69500,64000,689,12,No
103194,24,43500,22000,686,36,No
103195,34,87500,99000,638,12,Yes
103196,45,42000,32000,598,24,No
103197,23,59000,63500,565,60,No
103198,33,32000,29000,633,48,Yes
103199,44,35500,24000,734,48,No
103200,31,56000,55000,618,36,No
103201,30,64000,55000,574,12,Yes
103202,45,27000,21500,622,48,No
103203,32,68000,64500,661,36,No
103204,45,39000,11500,664,24,No
103205,39,94000,117000,680,36,No
103206,32,47500,28000,767,36,No
103207,39,34500,16000,784,12,No
103208,38,57000,62000,840,24,No
103209,44,37500,17500,568,36,Yes
103210,30,93500,126000,626,36,No
103211,35,55000,37500,742,12,No
103212,34,51500,28000,656,36,No
103213,41,70500,19000,755,24,No
103214,26,36000,9000,706,36,No
103215,44,32000,10000,808,24,No
103216,39,65500,13500,768,36,No
103217,23,34500,20000,770,36,No
103218,46,34500,19000,659,36,No
103219,55,78000,54000,683,12,No
103220,44,68500,32000,667,36,No
103221,48,32500,9000,577,48,No
103222,36,42500,12000,800,24,No
103223,21,37500,15500,746,36,No
103224,21,116000,65500,664,36,No
103225,37,80500,30000,788,48,No
103226,30,46000,28500,643,36,No
103227,27,70000,88000,552,60,Yes
103228,34,31000,15500,766,36,No
103229,41,41500,16500,594,36,No
103230,22,57500,55500,675,36,Yes
103231,31,66500,51000,705,36,No
103232,49,53000,13500,719,24,No
103233,25,61000,67500,754,36,No
103234,43,57000,58500,734,36,No
103235,31,51500,68000,731,36,No
103236,40,48500,62000,631,48,No
103237,45,46000,40000,712,60,Yes
103238,42,60500,60000,577,24,No
103239,43,65500,44000,807,60,No
103240,25,60000,73500,585,48,Yes
103241,45,33500,28000,664,60,No
103242,27,36000,20500,591,48,No
103243,37,65000,13500,635,36,No
103244,37,102000,89000,691,60,Yes
103245,39,58500,47000,650,36,No
103246,38,46500,52500,776,48,No
103247,27,60500,25000,707,24,No
103248,23,34000,38500,655,24,Yes
103249,43,95500,21000,680,36,No
103250,37,59500,52000,781,36,Yes
103251,45,41500,27000,758,36,No
103252,35,51500,30000,605,60,Yes
103253,22,44000,30500,639,12,No
103254,44,95500,43500,726,24,No
103255,32,50500,21000,717,36,No
103256,38,58500,66000,611,24,No
103257,29,70000,32500,746,36,No
103258,50,40500,42500,623,48,No
103259,27,59500,60500,788,60,No
103260,32,61500,14500,730,24,No
103261,36,28500,34500,605,36,No
103262,25,61000,67500,650,48,No
103263,38,54000,60000,649,36,No
103264,50,58000,65500,702,48,No
103265,31,56000,48500,675,36,Yes
103266,39,61500,82500,604,60,Yes
103267,21,96500,39000,585,12,No
103268,35,33500,9500,731,60,No
103269,32,47500,48000,711,60,No
103270,28,73000,39500,698,12,No
103271,45,67500,60500,710,36,No
103272,32,66500,43500,644,36,No
103273,33,175000,102000,704,24,No
103274,32,71000,87000,850,60,No
103275,21,88500,32000,778,24,No
103276,25,48500,20000,668,36,No
103277,44,36000,35000,651,12,No
103278,21,48000,53000,475,36,Yes
103279,28,74000,85500,770,60,No
103280,31,65000,30500,749,36,Yes
103281,51,65000,79000,649,36,No
103282,42,50500,45500,583,12,Yes
103283,30,47000,54000,603,48,No
103284,47,51000,14000,723,36,No
103285,28,74500,45500,683,36,No
103286,44,78500,63000,742,36,No
103287,23,36000,31000,696,60,No
103288,45,76000,24000,763,48,No
103289,31,42000,34500,718,48,No
103290,26,67000,64500,752,36,No
103291,33,50500,31000,533,12,No
103292,37,106000,82000,597,36,No
103293,31,46000,24500,663,36,No
103294,40,59500,71500,771,48,No
103295,30,71000,63000,831,36,No
103296,41,38000,31500,678,36,No
103297,39,53500,69000,644,24,Yes
103298,34,49000,47500,543,24,Yes
103299,31,44500,23000,755,48,No
103300,36,45500,42500,649,60,No
103301,40,87500,114500,850,36,No
103302,54,43000,10000,635,36,No
103303,43,70000,64500,848,48,No
103304,44,63000,24000,746,24,No
103305,63,30500,34500,613,24,No
103306,40,68500,64000,707,24,No
103307,39,30500,39000,748,60,No
103308,41,71500,69500,673,12,No
103309,26,44500,10000,753,36,No
103310,31,55000,43500,751,36,No
103311,30,32000,39500,735,36,No
103312,41,58000,27000,689,24,Yes
103313,33,81000,24000,602,60,No
103314,36,39000,40000,684,36,No
103315,45,42500,33000,703,60,Yes
103316,43,66500,17000,549,36,No
103317,34,67500,35000,703,36,No
103318,29,20000,11500,683,48,No
103319,45,128000,124000,593,36,Yes
103320,42,68500,51000,665,24,Yes
103321,21,73500,56000,667,48,No
103322,32,52000,58500,835,36,No
103323,36,25000,13000,707,36,No
103324,42,73000,71000,768,48,No
103325,43,43500,27000,681,36,Yes
103326,38,69000,47000,549,36,Yes
103327,40,50000,42000,740,36,No
103328,36,61000,61000,641,24,No
103329,29,39500,51000,665,36,No
103330,33,79000,40000,611,36,No
103331,35,33500,10500,695,24,No
103332,35,141000,97500,770,48,No
103333,21,141000,117000,760,24,No
103334,31,109000,50500,809,24,No
103335,36,94000,115000,820,48,No
103336,32,53000,59500,537,48,No
103337,33,90000,69000,600,48,Yes
103338,39,53000,38000,554,36,Yes
103339,25,28500,7000,737,36,No
103340,21,103500,84500,638,60,No
103341,32,88500,78500,653,36,No
103342,42,54500,67000,674,12,No
103343,50,33000,25500,719,24,No
103344,42,43000,16500,579,60,No
103345,22,25500,10500,596,36,No
103346,33,82000,31500,690,36,No
103347,37,28000,36000,780,36,No
103348,37,62000,69000,688,60,Yes
103349,40,38500,44000,631,36,No
103350,27,30000,35000,529,36,No
103351,36,61000,19000,761,60,No
103352,39,48000,48500,635,24,No
103353,42,78000,79000,604,36,Yes
103354,28,32500,15000,561,12,Yes
103355,32,40000,30500,582,36,No
103356,21,20000,19000,618,12,No
103357,29,22000,27000,672,36,Yes
103358,30,117000,38500,599,24,No
103359,26,132000,150000,704,48,Yes
103360,36,57000,72000,672,36,No
103361,34,39000,49000,850,36,No
103362,21,48500,10000,562,48,Yes
103363,37,79500,36000,702,60,No
103364,27,44500,44500,703,36,No
103365,39,61000,35000,613,12,No
103366,23,54500,14500,697,24,No
103367,35,43500,47000,748,60,No
103368,32,44000,10000,697,48,Yes
103369,38,62000,44000,794,36,No
103370,36,36500,47000,527,24,Yes
103371,33,66500,47000,627,36,No
103372,21,45000,56000,801,36,Yes
103373,22,58000,39000,758,36,No
103374,30,98500,59000,731,24,No
103375,35,51000,16500,782,36,No
103376,30,81000,49500,546,48,Yes
103377,41,26000,15500,750,60,No
103378,32,45000,53000,770,24,No
103379,26,55500,70000,641,60,No
103380,32,123500,28000,850,36,No
103381,37,24000,7500,705,36,No
103382,38,53000,50000,526,60,No
103383,52,101500,77000,719,36,No
103384,29,39500,21500,636,12,Yes
103385,34,50500,25000,777,36,No
103386,39,63000,29000,731,48,No
103387,35,59500,48000,645,36,No
103388,30,106000,23500,803,36,No
103389,21,66500,70000,760,36,No
103390,30,96000,52500,628,36,No
103391,25,47500,33000,679,24,No
103392,21,40500,32500,729,48,No
103393,28,50000,22000,663,36,Yes
103394,26,34000,41500,665,36,Yes
103395,40,67500,66500,693,36,No
103396,40,47000,56500,610,60,No
103397,27,41500,31000,523,24,Yes
103398,33,68000,47500,708,24,No
103399,21,34000,16000,541,36,No
103400,31,76000,63000,616,12,No
103401,39,45000,39500,557,12,No
103402,42,89500,61000,566,12,Yes
103403,29,46500,17000,722,24,No
103404,44,71500,37000,673,36,No
103405,21,59500,13000,671,24,Yes
103406,24,75000,42500,591,36,No
103407,41,57500,50000,641,48,No
103408,50,27500,35500,718,12,No
103409,39,84000,34000,686,24,No
103410,35,53000,14000,752,60,No
103411,21,76500,41500,762,36,No
103412,21,73500,28000,671,36,No
103413,36,39500,39500,551,36,Yes
103414,32,37500,7500,633,60,No
103415,25,72500,96500,683,24,No
103416,36,48500,57500,632,12,Yes
103417,36,81500,62500,611,48,No
103418,43,51000,64000,695,12,No
103419,36,84500,78000,850,36,No
103420,46,65500,88000,653,12,No
103421,35,62000,32000,690,36,No
103422,34,47000,63500,592,36,Yes
103423,45,60500,24500,783,36,No
103424,26,91000,55000,756,36,No
103425,60,54000,69000,750,24,No
103426,38,68500,43000,792,36,No
103427,38,56000,24500,658,48,No
103428,40,58000,15500,667,12,No
103429,52,113500,42000,818,36,No
103430,42,91000,55500,737,36,No
103431,21,57000,39000,524,36,Yes
103432,48,60000,49500,724,36,No
103433,32,41000,46500,646,48,Yes
103434,36,51000,11000,757,36,No
103435,23,62500,73000,721,12,No
103436,40,78500,68000,559,60,Yes
103437,29,75500,81000,710,24,No
103438,36,34500,37000,706,48,Yes
103439,32,83000,103000,717,12,Yes
103440,52,53000,16500,733,36,No
103441,53,36500,31500,802,36,No
103442,35,96500,120000,721,12,No
103443,36,101500,104000,692,48,No
103444,32,61500,19000,776,36,No
103445,45,74000,67000,850,36,No
103446,32,76000,85000,759,48,No
103447,31,99000,51000,705,36,No
103448,44,74500,69000,722,36,No
103449,30,31500,36500,709,36,No
103450,35,128000,102500,691,12,No
103451,21,86000,36500,850,60,No
103452,41,44500,37000,634,36,No
103453,52,35500,31000,777,36,No
103454,41,68000,45000,681,36,No
103455,48,49000,48000,579,36,No
103456,27,63000,44000,676,12,No
103457,37,75000,90500,649,24,No
103458,27,43500,48500,733,36,No
103459,33,34500,39000,697,24,Yes
103460,42,64500,52000,613,12,Yes
103461,36,44000,18500,800,36,No
103462,22,58500,60500,772,36,No
103463,23,31500,9000,809,36,No
103464,23,49500,39500,708,48,Yes
103465,39,74500,19500,687,36,No
103466,54,71000,57500,743,12,No
103467,47,39500,39000,647,48,No
103468,21,33500,23000,700,36,No
103469,48,55500,37500,677,36,Yes
103470,43,69500,23500,580,60,Yes
103471,21,65000,35500,700,24,No
103472,32,44500,31500,657,36,No
103473,45,62500,74500,672,36,No
103474,40,103500,127500,717,12,No
103475,23,60000,78000,785,36,No
103476,40,27500,8500,626,36,No
103477,21,60000,32500,665,12,Yes
103478,33,130000,95000,633,36,No
103479,45,32000,30000,628,36,Yes
103480,35,55500,56000,645,36,No
103481,31,50000,55000,675,12,No
103482,43,57500,44500,734,36,No
103483,44,59500,50000,714,36,No
103484,47,89000,116000,611,36,Yes
103485,43,57000,27000,787,48,No
103486,45,94000,105500,761,60,No
103487,42,52500,53500,622,12,Yes
103488,37,47500,17000,782,36,No
103489,36,41500,52500,715,60,No
103490,33,25500,30000,678,36,No
103491,24,62000,68000,717,60,No
103492,26,130500,45000,688,48,No
103493,32,66500,24000,731,48,No
103494,37,73500,72500,704,12,No
103495,48,46000,15000,665,36,No
103496,35,49500,16500,538,36,Yes
103497,44,83000,55000,730,36,No
103498,45,128000,26500,662,48,No
103499,33,102500,105500,748,60,No
103500,40,77000,63000,726,24,No
103501,33,56000,16000,664,36,Yes
103502,47,60000,49500,767,60,No
103503,41,40000,10500,705,48,No
103504,24,30000,8500,702,48,No
103505,36,34500,26000,680,36,No
103506,50,56000,43500,816,60,No
103507,33,48500,28500,637,36,No
103508,39,29500,27000,666,24,No
103509,40,54000,35000,597,24,No
103510,26,48000,42000,745,36,No
103511,40,33500,20000,646,48,No
103512,22,47000,48000,655,36,No
103513,29,48000,41500,651,36,No
103514,45,42500,16500,695,36,No
103515,38,81000,80000,596,48,No
103516,32,24500,27000,522,24,Yes
103517,39,24000,6500,724,36,No
103518,34,55000,49500,531,24,No
103519,35,57500,64000,754,36,Yes
103520,41,65000,21500,807,36,No
103521,28,44000,54500,678,36,No
103522,35,37500,25500,787,36,No
103523,32,55000,57500,688,60,No
103524,21,45500,56000,810,60,Yes
103525,27,105500,141000,656,36,Yes
103526,49,48000,42000,513,24,No
103527,38,54000,54500,684,12,No
103528,23,155500,76000,818,24,No
103529,21,50500,27000,730,24,No
103530,34,69500,82000,651,60,No
103531,49,72000,47500,715,60,No
103532,33,75000,86000,763,24,No
103533,47,62000,16000,684,48,No
103534,38,59500,27000,850,48,No
103535,39,57500,22500,651,36,No
103536,23,43000,34500,765,60,Yes
103537,43,63000,18500,747,60,No
103538,32,129000,77000,638,60,Yes
103539,43,91500,122000,658,48,No
103540,28,62500,69500,766,36,No
103541,37,79000,85000,701,24,Yes
103542,38,38000,13500,715,60,No
103543,34,49500,30500,567,36,Yes
103544,39,82000,80500,739,36,No
103545,33,102500,23000,712,36,No
103546,29,40000,28000,685,36,No
103547,49,45000,57000,717,24,Yes
103548,44,137500,40500,659,48,No
103549,28,57500,71500,646,36,No
103550,40,118500,50000,672,36,No
103551,28,60000,25000,655,36,No
103552,24,61000,26000,850,36,No
103553,44,48500,61500,758,48,No
103554,21,81500,73000,617,60,No
103555,43,97500,103500,843,48,No
103556,33,35500,22000,658,36,Yes
103557,33,47500,57000,692,48,Yes
103558,39,81000,70500,757,36,No
103559,40,52000,46500,542,36,No
103560,28,44500,47500,672,36,No
103561,41,84000,91500,647,36,No
103562,36,87500,86000,705,36,No
103563,24,45500,15500,718,48,No
103564,33,60000,72000,684,36,No
103565,47,33000,16500,681,48,No
103566,50,38000,51000,770,36,No
103567,41,58000,37500,713,36,No
103568,24,55500,19000,693,48,Yes
103569,39,36500,20500,701,12,Yes
103570,43,40500,35000,828,24,No
103571,42,35000,23000,703,36,No
103572,42,66500,76500,651,24,Yes
103573,38,24000,23500,547,24,Yes
103574,34,36000,16000,582,48,No
103575,30,25000,20500,655,12,No
103576,21,65500,72500,682,36,No
103577,38,26000,32000,648,12,No
103578,37,55500,36500,716,24,No
103579,40,109500,138500,647,36,No
103580,23,111000,27000,621,60,No
103581,41,26000,25500,736,36,No
103582,53,62500,68500,793,36,Yes
103583,36,36500,25000,607,36,No
103584,34,33500,7000,708,36,No
103585,38,52500,52000,547,36,Yes
103586,53,92000,54500,579,36,No
103587,26,71000,26500,646,24,No
103588,37,40500,15500,775,36,No
103589,28,74000,80500,632,36,No
103590,30,21500,9000,629,48,No
103591,35,40000,30500,693,36,No
103592,47,39000,51500,693,48,No
103593,51,57000,61000,631,36,Yes
103594,39,50500,42000,839,36,No
103595,32,52000,42000,670,36,No
103596,57,51000,20000,699,24,No
103597,31,55500,39500,660,60,No
103598,30,69000,25500,723,36,No
103599,21,58500,17500,783,36,No
103600,48,49000,16000,815,36,No
103601,44,65000,58500,633,60,No
103602,57,78000,33000,773,24,No
103603,22,43500,16000,731,60,No
103604,48,53500,64000,763,24,Yes
103605,36,89500,30500,683,24,No
103606,42,34500,35000,676,60,No
103607,21,117500,80000,760,24,No
103608,48,31500,27500,762,36,No
103609,42,47500,11000,807,36,No
103610,35,37000,7500,705,60,No
103611,41,138000,150000,682,48,No
103612,28,44500,33000,506,36,Yes
103613,30,44500,12500,569,48,No
103614,31,47000,28000,660,24,Yes
103615,21,57500,45000,607,36,Yes
103616,43,48000,17000,751,48,No
103617,46,52000,43000,592,48,No
103618,29,18000,14500,652,36,No
103619,38,56500,50500,655,48,No
103620,33,55500,63000,780,36,No
103621,38,85000,57500,644,60,Yes
103622,29,95500,116500,724,24,No
103623,27,51000,38000,705,36,Yes
103624,44,77500,56000,758,48,No
103625,34,34500,33000,754,36,No
103626,53,76000,69000,687,36,No
103627,35,43000,9000,563,48,No
103628,27,33500,44500,673,36,No
103629,46,51000,65500,689,24,No
103630,41,99000,52000,711,24,No
103631,42,59500,50000,635,36,No
103632,46,103000,112000,776,36,No
103633,29,40000,50500,691,24,No
103634,34,85500,74500,621,48,No
103635,33,42000,9500,656,36,No
103636,23,60500,59500,835,48,No
103637,33,60000,18500,740,60,No
103638,47,72500,70500,769,36,No
103639,37,61000,53500,612,60,No
103640,23,40500,38000,638,24,No
103641,21,79500,33000,639,36,No
103642,50,114000,87500,704,60,No
103643,34,43000,39000,677,48,No
103644,29,25500,14000,653,24,No
103645,33,68000,28000,663,24,No
103646,22,48000,22000,630,36,No
103647,48,52000,61500,677,60,No
103648,31,69500,51000,773,24,No
103649,47,45500,43500,577,36,No
103650,35,49000,39000,716,36,No
103651,48,52500,61000,794,36,No
103652,37,102000,80000,676,36,No
103653,43,55500,17000,650,36,No
103654,41,32500,14000,759,36,No
103655,41,33500,7000,616,36,No
103656,38,58500,67500,688,36,No
103657,33,34000,32500,612,36,No
103658,52,28500,30500,550,36,Yes
103659,27,72000,73500,679,48,No
103660,35,73500,84500,595,36,No
103661,35,47000,62500,689,36,No
103662,39,62000,59000,774,24,No
103663,31,59500,29000,829,12,No
103664,38,71000,22500,697,48,No
103665,33,71000,62500,766,60,No
103666,21,18500,20000,720,24,No
103667,35,49500,42000,661,36,No
103668,25,68500,37500,546,36,No
103669,21,46500,48000,812,48,No
103670,36,56000,40000,611,24,No
103671,39,75500,40000,794,60,No
103672,40,57000,66500,730,12,No
103673,40,103500,89500,617,60,No
103674,21,88500,46500,713,12,No
103675,23,52500,30500,850,36,No
103676,53,50500,43500,805,24,No
103677,26,18000,12500,652,24,No
103678,40,48000,18500,637,60,No
103679,29,31000,28000,698,36,Yes
103680,36,60500,60000,678,24,No
103681,29,58500,11500,780,60,No
103682,40,73500,60000,745,24,No
103683,36,99000,85500,563,12,No
103684,31,54500,31500,724,12,No
103685,26,143500,84500,677,36,Yes
103686,37,60500,34000,693,60,No
103687,24,31500,22500,709,12,No
103688,39,43500,49500,780,48,No
103689,59,47000,35000,763,36,No
103690,47,70500,94500,634,24,Yes
103691,41,37000,23500,686,48,No
103692,34,48500,48500,656,48,No
103693,21,51500,43000,564,36,Yes
103694,23,45500,49000,682,24,No
103695,47,77500,94500,828,12,No
103696,28,72000,57000,562,48,Yes
103697,29,90000,69000,688,36,No
103698,34,48000,61500,686,36,No
103699,25,91000,116000,712,24,No
103700,24,31000,41500,618,48,Yes
103701,35,30500,11500,583,12,No
103702,27,33000,6500,587,36,No
103703,28,55000,38500,790,48,Yes
103704,28,91000,95000,616,24,No
103705,40,42500,12000,653,36,No
103706,33,45000,28500,848,36,No
103707,33,50000,43500,635,36,No
103708,40,70000,31000,716,60,No
103709,34,45000,47000,770,36,Yes
103710,32,44000,20500,766,12,No
103711,39,31500,37000,590,36,Yes
103712,41,43500,26000,636,36,No
103713,34,90000,80000,713,36,No
103714,36,57000,47000,835,48,No
103715,28,40500,22000,633,24,No
103716,27,92500,65000,653,24,No
103717,42,43000,50500,721,24,No
103718,39,100000,83000,736,60,No
103719,39,99000,26000,741,48,No
103720,38,56500,57500,627,36,Yes
103721,35,29500,12000,650,36,No
103722,41,144000,109500,706,60,No
103723,43,64500,47500,785,60,No
103724,43,48000,36500,672,36,No
103725,34,82000,19500,688,48,No
103726,47,74000,38000,613,60,No
103727,37,95500,24500,830,36,No
103728,41,41500,28000,702,36,No
103729,38,63000,57500,771,36,No
103730,37,33500,32000,692,36,No
103731,28,73000,20000,696,48,No
103732,41,54500,18500,577,36,No
103733,61,62000,59500,529,24,Yes
103734,32,51500,42000,784,36,No
103735,36,49500,57500,696,36,Yes
103736,31,38000,16500,705,12,No
103737,31,76500,26000,596,36,No
103738,49,103000,63500,622,12,No
103739,29,43500,40500,770,48,No
103740,31,69500,52500,821,24,Yes
103741,21,66000,20500,643,12,No
103742,28,55000,15500,740,48,No
103743,21,29000,28500,704,24,No
103744,41,32000,17500,681,48,No
103745,60,39500,38500,829,36,No
103746,32,22500,12000,656,48,No
103747,21,99500,56000,783,24,No
103748,43,64000,28000,719,24,No
103749,28,54500,72500,689,24,No
103750,47,22000,5000,793,60,No
103751,32,25500,9000,712,48,No
103752,29,55000,64000,683,36,No
103753,33,126000,45000,793,24,No
103754,42,41000,21500,784,24,No
103755,33,79000,39500,780,24,No
103756,31,45000,45000,398,24,Yes
103757,33,56500,38000,723,60,No
103758,24,91500,107000,706,12,No
103759,39,47500,50500,687,60,No
103760,21,41000,33000,736,12,No
103761,31,100000,48500,710,48,No
103762,42,56000,62000,741,36,No
103763,38,87000,104000,670,12,No
103764,40,41000,47500,802,48,No
103765,34,99500,26000,748,24,No
103766,46,61500,61500,731,60,No
103767,43,66000,66500,727,48,No
103768,39,58000,74500,777,60,No
103769,43,44500,22500,767,48,No
103770,42,55000,60500,682,24,No
103771,31,45500,45000,764,36,No
103772,23,82500,100000,703,48,No
103773,39,50500,50500,834,36,No
103774,40,29500,35000,772,36,Yes
103775,45,27000,16500,643,24,No
103776,27,26500,10000,850,36,No
103777,27,71500,44000,532,36,No
103778,39,34000,38500,738,12,No
103779,34,62500,22000,638,60,Yes
103780,21,58000,54000,831,48,No
103781,38,53500,71500,709,36,No
103782,21,66000,81000,630,24,No
103783,26,59000,57500,670,48,Yes
103784,47,18000,20000,636,24,No
103785,51,48000,16000,667,36,No
103786,24,66000,51000,665,48,No
103787,32,109500,89000,634,36,No
103788,35,111500,122500,710,36,No
103789,51,31000,16500,719,12,No
103790,31,47500,15500,615,36,No
103791,31,28500,28500,566,36,Yes
103792,49,104000,79500,713,24,No
103793,32,84000,98000,730,60,No
103794,41,63500,48000,745,48,No
103795,22,59000,69000,731,24,No
103796,33,98000,77000,808,36,No
103797,21,91500,100500,765,36,No
103798,26,89500,92000,850,36,No
103799,43,66500,33500,850,36,No
103800,35,47500,26500,558,24,Yes
103801,32,76000,94000,525,24,No
103802,28,77500,36000,689,24,No
103803,33,51000,51000,728,24,No
103804,38,47500,17500,684,36,No
103805,44,88500,94500,743,60,No
103806,21,110500,50500,670,36,No
103807,28,40000,35500,638,60,Yes
103808,36,49000,41500,649,36,No
103809,34,63500,27500,675,36,Yes
103810,39,67500,51500,753,60,No
103811,37,44000,53500,653,12,No
103812,32,121500,119500,668,24,No
103813,30,65500,88000,733,60,No
103814,33,69000,76000,675,36,Yes
103815,45,115000,108000,774,60,No
103816,28,45500,38500,621,24,No
103817,34,53000,67500,605,48,Yes
103818,37,32500,26000,713,24,Yes
103819,49,51000,34000,720,36,No
103820,32,29500,34000,625,60,No
103821,44,75500,96500,791,36,No
103822,46,65500,49000,834,36,No
103823,34,49000,17500,643,60,No
103824,33,52500,47000,802,60,No
103825,32,75500,79500,511,12,Yes
103826,33,34000,21500,771,24,No
103827,43,60000,63500,626,60,No
103828,37,74000,60000,763,36,No
103829,37,26000,14000,618,36,No
103830,25,73500,68000,685,12,No
103831,26,27000,17500,629,12,No
103832,54,52500,58000,674,60,Yes
103833,33,33500,7000,827,36,No
103834,28,100500,114500,682,48,No
103835,48,34000,19000,848,24,No
103836,38,27500,36000,661,24,No
103837,40,58000,62000,802,36,No
103838,34,46000,22000,568,60,No
103839,32,29000,38500,669,36,No
103840,33,68500,53000,650,36,No
103841,23,24000,19000,805,36,No
103842,34,35500,44000,704,12,No
103843,38,43000,54000,533,36,No
103844,52,77000,77000,592,36,Yes
103845,36,95000,126000,614,12,No
103846,21,87500,50500,760,36,No
103847,34,51500,24000,750,12,No
103848,60,20000,5000,667,48,No
103849,43,65000,39000,649,48,Yes
103850,28,102000,91000,744,48,No
103851,40,92500,51000,605,36,No
103852,28,67000,58000,724,36,No
103853,23,33500,8500,718,36,No
103854,32,44000,26500,669,36,No
103855,36,124000,131500,720,24,No
103856,21,30500,10000,698,48,No
103857,25,34000,35000,727,12,No
103858,35,81500,88000,590,36,No
103859,31,46000,39500,736,36,No
103860,39,33500,41000,767,36,Yes
103861,24,104500,135500,714,36,Yes
103862,41,67000,16000,735,36,No
103863,24,47000,46000,682,36,Yes
103864,50,34000,16000,757,60,No
103865,21,130000,87000,695,36,No
103866,25,54500,50000,604,24,No
103867,39,99000,101000,752,48,No
103868,50,80000,93500,567,12,No
103869,38,44000,44500,711,36,Yes
103870,40,44500,48500,661,24,Yes
103871,35,101000,90000,656,36,No
103872,26,101500,34000,703,36,No
103873,31,25000,5500,637,36,No
103874,24,69500,56000,728,48,No
103875,23,52500,53500,694,36,No
103876,39,35500,11500,644,24,Yes
103877,25,61500,42500,790,36,No
103878,38,31000,15500,705,48,No
103879,23,45000,38500,737,36,No
103880,38,39500,25500,796,36,No
103881,31,44500,19000,795,36,No
103882,48,53500,11000,733,36,No
103883,38,36000,20500,667,36,No
103884,46,106500,84500,583,60,No
103885,28,67500,85500,706,24,No
103886,36,117000,54000,772,12,No
103887,26,51500,40500,717,48,Yes
103888,31,43500,37000,432,48,No
103889,33,115000,109000,755,36,No
103890,28,43000,25000,760,36,No
103891,24,51000,16000,667,60,No
103892,22,74500,94000,764,36,No
103893,21,32500,42000,737,36,No
103894,25,74000,52000,639,36,No
103895,41,70500,61000,785,36,No
103896,21,93500,22000,595,36,No
103897,23,80000,20500,686,60,No
103898,51,95000,27500,678,24,No
103899,29,52500,55000,628,24,Yes
103900,38,38500,18000,713,36,No
103901,41,133500,55000,788,36,No
103902,41,29000,6000,784,48,No
103903,21,30000,7000,744,60,No
103904,33,69500,46500,563,48,Yes
103905,21,109000,89500,590,60,No
103906,57,59500,51500,702,24,No
103907,21,83500,60500,687,24,No
103908,26,24000,17500,653,36,No
103909,26,44500,47500,833,48,No
103910,22,25000,13500,698,24,No
103911,47,76500,36000,731,24,No
103912,57,28500,33500,764,36,No
103913,31,32000,32000,694,36,No
103914,23,68500,51500,850,36,No
103915,21,86000,44500,619,60,Yes
103916,33,51500,18500,645,24,No
103917,32,70000,17000,619,36,No
103918,29,69000,81500,807,24,No
103919,37,50000,44000,750,24,No
103920,39,34500,8500,649,36,Yes
103921,38,69500,26500,625,36,No
103922,32,71000,37000,794,36,No
103923,25,80000,40000,717,36,No
103924,41,62500,52000,796,48,No
103925,35,33500,22000,685,24,No
103926,43,73500,89500,728,48,No
103927,42,55000,56500,713,36,Yes
103928,22,45000,56000,643,12,Yes
103929,22,48500,58000,679,36,No
103930,28,41000,51500,601,12,Yes
103931,25,80000,106000,727,24,Yes
103932,42,30500,17000,747,36,No
103933,38,36000,16000,764,24,No
103934,45,48000,18500,740,60,Yes
103935,39,108500,100000,680,60,No
103936,37,85500,84000,806,36,No
103937,46,27500,8500,757,48,No
103938,39,97000,111000,794,60,Yes
103939,36,97000,107000,799,36,No
103940,48,33500,31000,681,36,No
103941,36,19000,13500,719,36,No
103942,32,53500,20000,748,60,No
103943,27,88000,69000,604,48,No
103944,41,107500,41000,605,12,No
103945,46,38000,34000,593,48,No
103946,35,115000,64000,682,24,No
103947,47,21500,10500,665,24,No
103948,21,47000,33000,582,36,No
103949,35,46000,40000,701,48,No
103950,35,89000,55500,683,24,No
103951,28,95000,124500,779,36,No
103952,56,82000,17000,841,48,No
103953,34,31000,38500,724,24,No
103954,31,79000,16000,638,48,No
103955,35,68000,30500,739,36,No
103956,21,27500,37000,691,36,Yes
103957,28,23000,24000,672,24,No
103958,44,85000,80000,625,60,No
103959,29,51000,53000,655,60,No
103960,28,32000,21500,677,24,No
103961,47,50500,55500,750,36,No
103962,47,64000,24000,728,48,No
103963,40,53000,59000,827,24,No
103964,31,28500,36500,741,36,No
103965,33,121500,144000,722,60,Yes
103966,28,84000,88500,667,36,Yes
103967,26,48000,45500,612,60,Yes
103968,26,48500,39000,647,12,No
103969,29,64000,42000,638,60,No
103970,26,34000,40500,498,60,Yes
103971,21,63000,59500,614,24,No
103972,37,31500,22000,810,36,No
103973,37,53500,59000,718,36,No
103974,50,33500,9000,662,60,No
103975,29,34500,39000,720,24,No
103976,38,110000,124500,543,36,Yes
103977,38,56500,26000,711,48,No
103978,33,60000,14500,786,36,No
103979,42,23500,24000,681,36,No
103980,42,43000,18500,557,36,No
103981,38,67000,90000,659,60,Yes
103982,33,59500,12500,786,24,No
103983,32,22500,10500,709,60,No
103984,23,60000,15000,584,36,No
103985,28,64000,70500,850,60,No
103986,29,94500,82000,596,24,No
103987,25,42000,49500,672,36,No
103988,39,21500,28000,612,48,No
103989,46,36000,32500,612,48,No
103990,27,34500,16000,656,12,No
103991,38,75000,23000,738,36,No
103992,26,18000,21500,787,24,Yes
103993,32,45500,22000,661,24,No
103994,29,100000,123000,614,48,Yes
103995,40,55000,66500,726,60,No
103996,29,80000,74000,728,36,Yes
103997,44,27500,24500,708,24,No
103998,33,28000,36000,711,24,No
103999,29,100500,107500,682,36,No
104000,24,57500,56500,697,24,No
104001,37,57500,40500,676,48,No
104002,43,34500,26000,770,24,No
104003,37,57500,37000,850,24,No
104004,55,34000,44000,703,48,No
104005,48,90500,84500,690,24,No
104006,32,173000,150000,709,36,No
104007,32,67500,16500,641,36,No
104008,39,42000,49500,747,24,No
104009,27,19000,13000,723,36,No
104010,45,27000,28500,658,36,No
104011,38,105500,26000,758,36,No
104012,37,35500,43500,691,24,No
104013,41,47000,45000,617,36,No
104014,51,72500,52500,716,36,No
104015,37,102500,56500,708,12,No
104016,34,50500,28000,762,24,No
104017,49,46500,25500,752,36,No
104018,44,56500,20000,682,24,No
104019,32,42500,31000,655,12,No
104020,35,43000,31000,690,60,No
104021,37,65500,44000,717,36,No
104022,38,59500,60000,726,36,No
104023,23,134500,92000,713,24,No
104024,21,66000,20000,683,12,No
104025,27,89000,105000,765,48,No
104026,26,35000,24000,639,48,No
104027,29,68500,65500,850,60,No
104028,41,40500,51500,747,12,Yes
104029,33,65000,70500,605,24,No
104030,37,73500,60000,704,48,No
104031,24,56000,46500,748,36,No
104032,31,151000,150000,664,12,No
104033,40,100000,114500,578,36,No
104034,40,90000,36500,612,24,No
104035,28,76000,70000,731,48,No
104036,36,115500,138000,558,60,No
104037,55,30000,33500,581,36,Yes
104038,35,98000,33500,730,36,No
104039,29,36500,25500,673,48,No
104040,33,43500,34500,638,36,Yes
104041,36,69500,34500,653,48,No
104042,34,92500,91000,580,36,No
104043,35,34000,25500,726,60,No
104044,22,44500,24000,630,36,No
104045,26,57500,34000,650,36,No
104046,34,51000,60500,716,48,No
104047,34,78500,94000,671,60,Yes
104048,30,233000,150000,637,60,No
104049,33,65500,82000,541,36,Yes
104050,36,40500,52500,718,48,No
104051,43,32000,24500,696,36,No
104052,34,48000,15000,651,36,Yes
104053,39,37000,41500,612,24,No
104054,30,67000,62000,691,36,No
104055,40,66500,42500,726,60,No
104056,38,45500,60000,697,48,No
104057,43,126500,74500,813,36,No
104058,41,40500,50500,743,24,No
104059,40,52500,46500,682,36,No
104060,34,72000,17500,745,24,No
104061,37,80000,95000,694,12,No
104062,45,94000,101000,693,60,No
104063,29,66000,62000,787,36,No
104064,29,85500,77500,623,24,No
104065,37,41500,18500,692,48,No
104066,39,81000,36000,779,12,No
104067,28,80500,19000,713,36,No
104068,34,104000,39000,662,24,No
104069,34,27500,16000,562,24,No
104070,21,37500,31000,520,36,Yes
104071,33,77500,27000,846,48,No
104072,34,18000,15000,713,36,No
104073,34,67500,34000,646,48,No
104074,48,86000,42500,716,60,No
104075,24,43000,55500,619,48,No
104076,28,46000,61500,665,60,No
104077,21,35000,39500,619,60,No
104078,31,44000,11500,584,48,No
104079,31,44500,46000,532,36,No
104080,30,41500,17000,570,24,Yes
104081,45,40500,34500,767,48,No
104082,43,49000,60000,616,48,Yes
104083,36,49000,31000,730,48,No
104084,32,121000,150000,762,36,No
104085,44,46500,47000,691,48,No
104086,35,63500,34500,668,48,No
104087,28,43000,13500,700,36,No
104088,21,43000,49000,659,12,No
104089,31,27000,19500,780,36,No
104090,42,28500,8000,831,12,No
104091,55,33000,10500,799,24,No
104092,36,59500,78000,529,36,Yes
104093,28,86500,41500,657,12,No
104094,24,26000,34000,690,60,No
104095,40,43500,43000,725,36,No
104096,21,31000,17000,560,48,Yes
104097,40,49000,31500,559,24,No
104098,42,86500,94500,788,48,No
104099,39,45500,32000,648,36,Yes
104100,33,54000,15500,578,36,No
104101,40,101500,47000,607,36,No
104102,37,66500,79000,719,36,No
104103,28,40000,40000,628,36,No
104104,52,59000,46000,708,48,Yes
104105,32,39000,19000,617,48,Yes
104106,42,65500,49000,559,36,No
104107,21,68500,76000,797,60,No
104108,46,31000,9000,720,36,No
104109,48,59000,79500,665,36,No
104110,35,52500,62500,651,36,No
104111,40,69000,39000,800,36,No
104112,40,78000,93500,734,36,No
104113,29,67000,66000,776,48,No
104114,40,48500,47000,646,36,No
104115,28,81500,29500,694,60,No
104116,30,38000,47000,720,24,Yes
104117,45,31500,22500,649,36,No
104118,44,18000,20000,683,24,Yes
104119,29,53500,29000,646,36,No
104120,28,39000,21500,720,36,No
104121,29,65000,85000,591,48,No
104122,42,24000,18500,733,48,No
104123,26,42000,11500,713,24,No
104124,38,67000,78000,675,24,No
104125,42,35500,16500,724,36,No
104126,34,65500,79500,663,24,No
104127,44,43500,54500,640,36,No
104128,32,54000,15500,731,36,No
104129,33,70500,61500,734,48,No
104130,26,82000,109000,652,60,No
104131,44,57000,72500,646,36,Yes
104132,28,39000,31500,676,60,No
104133,38,45500,44500,649,48,No
104134,34,72000,64500,804,24,No
104135,26,36000,15500,714,48,No
104136,30,51000,48500,691,36,No
104137,47,47000,27500,620,48,Yes
104138,37,52500,31000,745,48,No
104139,26,36000,24500,644,60,No
104140,38,25500,30000,641,48,No
104141,34,68500,32500,748,48,Yes
104142,65,82500,40500,719,36,No
104143,38,26000,5500,502,60,No
104144,32,64000,24000,678,36,Yes
104145,48,86500,114500,699,48,Yes
104146,21,70500,49500,665,60,No
104147,36,46000,19500,702,24,No
104148,53,37000,48500,554,36,No
104149,34,57000,13000,478,48,No
104150,21,61000,46000,617,60,No
104151,31,57500,64500,711,48,No
104152,48,51000,55500,448,36,Yes
104153,38,35000,14500,627,24,No
104154,27,65500,66500,546,36,Yes
104155,29,67000,61500,672,36,No
104156,30,60000,58500,837,60,No
104157,38,57500,29000,674,36,No
104158,47,111500,126500,682,36,Yes
104159,44,42500,36000,753,36,No
104160,39,94000,97000,692,60,No
104161,23,40500,52000,674,36,No
104162,23,87500,103500,759,24,No
104163,40,92500,101500,725,36,No
104164,23,48500,26000,712,36,Yes
104165,33,110500,29000,680,36,No
104166,38,67000,57500,664,48,No
104167,25,38000,9000,759,36,No
104168,26,47000,48000,665,36,No
104169,34,88500,92500,782,36,No
104170,40,81000,68500,611,36,No
104171,45,35500,14000,798,36,No
104172,40,52000,63000,725,48,No
104173,36,60000,53000,617,24,No
104174,28,44500,35000,728,36,No
104175,25,148000,126000,641,48,Yes
104176,30,60500,18000,693,60,No
104177,39,53500,56500,654,12,No
104178,38,90500,24500,680,12,Yes
104179,21,47000,40500,761,60,No
104180,28,84000,33000,729,24,No
104181,46,27500,12000,606,60,No
104182,36,45500,21500,610,48,No
104183,22,85500,18500,710,24,No
104184,56,106500,130500,716,24,No
104185,35,39500,44500,639,60,No
104186,38,38000,9000,809,24,No
104187,39,70000,18500,751,36,No
104188,32,42500,47000,643,24,No
104189,28,49000,10000,636,36,No
104190,54,79500,59000,673,48,No
104191,44,44000,14000,665,36,No
104192,42,24000,21000,784,12,No
104193,40,32000,43000,764,36,No
104194,26,55000,22000,693,36,No
104195,46,25000,32500,741,24,No
104196,27,48500,58000,752,48,No
104197,38,30500,40500,694,36,No
104198,21,109500,118500,720,12,No
104199,21,136500,150000,735,60,No
104200,38,35500,31500,727,36,No
104201,28,61500,73500,632,24,No
104202,21,36500,12000,639,24,No
104203,40,48500,51000,668,36,No
104204,54,117500,108500,637,36,No
104205,48,45000,12000,580,36,Yes
104206,33,49000,26000,741,48,No
104207,35,37000,16500,716,36,No
104208,43,89000,59500,590,24,No
104209,45,18000,7500,672,48,No
104210,32,45500,23500,676,48,No
104211,35,54000,29000,704,36,No
104212,38,41500,37000,609,60,No
104213,40,79000,28000,588,36,No
104214,34,91000,43500,729,12,No
104215,34,30500,17000,575,12,No
104216,47,132500,95000,673,36,No
104217,46,30500,7500,666,36,No
104218,39,94500,127500,681,12,No
104219,50,58500,32000,709,36,No
104220,32,44500,23500,810,60,No
104221,50,46500,39000,570,48,Yes
104222,40,54000,64000,756,36,No
104223,64,60000,43500,502,36,No
104224,24,37500,18000,795,48,No
104225,29,50000,42500,537,36,Yes
104226,39,40000,30000,850,36,No
104227,39,33000,22500,661,36,No
104228,53,39000,52000,787,24,No
104229,29,34000,45500,771,36,No
104230,43,46000,39000,657,36,No
104231,45,66000,18500,663,24,No
104232,41,58000,49500,627,36,No
104233,26,126000,150000,749,48,No
104234,48,21500,27000,658,24,Yes
104235,46,67000,30000,629,36,No
104236,40,55000,23000,730,24,No
104237,37,77500,29000,623,24,No
104238,37,74500,85000,665,48,No
104239,34,51500,39500,698,12,No
104240,41,59000,34500,642,36,No
104241,35,40000,23000,653,60,No
104242,27,71000,36500,805,36,No
104243,26,25000,30500,675,36,Yes
104244,28,76000,51000,663,36,No
104245,37,54500,26000,677,24,No
104246,35,45000,46000,724,36,No
104247,37,50000,46500,612,36,Yes
104248,40,51500,52500,722,24,Yes
104249,29,95000,109000,709,24,No
104250,48,214000,67500,556,36,No
104251,33,92000,18500,825,24,No
104252,31,43500,11000,800,24,Yes
104253,39,71500,72500,630,36,No
104254,21,73000,93000,606,36,Yes
104255,28,37500,22000,707,36,No
104256,44,32500,35500,583,12,No
104257,21,53500,55500,792,48,No
104258,45,77000,102000,655,48,No
104259,49,28000,21000,812,36,No
104260,32,40500,16000,628,48,No
104261,38,70000,75500,682,36,No
104262,45,56000,64000,785,12,No
104263,31,99500,101000,666,36,No
104264,43,30500,36500,710,36,No
104265,29,147500,92500,772,60,No
104266,31,29000,29000,648,36,No
104267,28,23500,12000,595,36,No
104268,38,53500,38000,581,60,No
104269,45,34000,16500,734,24,No
104270,33,54000,20500,719,36,No
104271,24,53500,13000,770,36,No
104272,25,50500,49000,669,60,No
104273,39,38500,46500,583,24,No
104274,52,66000,37000,514,48,No
104275,39,48000,33500,850,36,No
104276,32,87500,18000,730,60,No
104277,42,51000,34500,700,60,No
104278,33,36500,19000,711,48,No
104279,32,27000,23000,583,24,No
104280,26,51000,63500,630,36,Yes
104281,48,32500,25500,821,60,No
104282,21,31000,30500,739,36,No
104283,42,68500,69500,633,60,No
104284,31,26000,10000,598,48,No
104285,31,99500,59500,651,36,No
104286,50,59000,19500,666,24,No
104287,29,54000,38000,844,36,No
104288,29,35500,43500,676,48,No
104289,34,76000,57000,601,36,Yes
104290,39,55000,40000,686,12,No
104291,31,41000,18000,710,48,No
104292,21,60000,33500,594,12,No
104293,27,27000,34500,720,36,No
104294,47,27500,15000,781,36,No
104295,36,34500,36000,700,36,No
104296,39,63500,16000,630,24,No
104297,33,55000,19000,650,48,No
104298,29,85500,47500,566,48,No
104299,50,37500,46500,680,48,No
104300,33,70000,31500,713,60,No
104301,31,52500,54500,623,24,No
104302,45,37000,14500,835,24,No
104303,28,64500,58500,749,12,No
104304,30,53500,47000,556,48,No
104305,35,42000,38500,557,24,No
104306,35,56000,29500,616,60,No
104307,37,52000,20000,808,36,No
104308,54,51500,63000,757,48,No
104309,38,46000,39500,812,36,No
104310,21,32000,14000,691,48,No
104311,38,57000,38500,674,36,No
104312,35,39500,11000,596,36,Yes
104313,35,36000,27000,716,48,No
104314,37,49500,34000,675,24,No
104315,35,75000,26500,672,60,No
104316,35,59500,42500,811,48,No
104317,41,44000,41000,681,48,Yes
104318,30,43500,55000,790,24,No
104319,26,72000,72500,571,24,Yes
104320,62,20000,15500,850,12,Yes
104321,29,77000,83500,662,36,Yes
104322,36,25000,13000,743,24,No
104323,22,30500,29500,755,60,Yes
104324,36,44500,9000,653,60,No
104325,27,137000,39000,751,12,No
104326,31,111500,102500,755,48,No
104327,44,74000,31000,637,36,No
104328,39,64000,63500,637,36,No
104329,40,25000,23500,693,24,No
104330,21,58500,16000,681,48,No
104331,52,43500,28500,794,60,No
104332,24,39000,35500,743,12,No
104333,49,58500,59500,685,36,No
104334,44,45000,51000,735,36,No
104335,40,79000,46000,537,36,No
104336,27,24500,28500,644,24,No
104337,36,57000,34500,712,48,No
104338,31,38000,8000,774,60,No
104339,35,46500,42000,705,36,No
104340,33,62500,30000,799,60,No
104341,21,34500,12000,755,36,No
104342,45,59000,29500,653,36,No
104343,34,50500,58000,679,48,Yes
104344,31,41500,52000,721,36,No
104345,30,45000,59000,656,36,Yes
104346,38,51500,28000,805,36,No
104347,27,40000,29000,607,48,No
104348,21,55000,62000,714,24,No
104349,39,49000,27500,745,24,No
104350,40,42500,27500,666,36,No
104351,33,107000,50500,650,36,No
104352,25,65500,56000,684,24,No
104353,36,47000,45000,751,24,No
104354,22,58500,33000,653,60,No
104355,26,35500,8000,610,36,No
104356,28,46000,48000,776,36,No
104357,43,48000,43500,720,48,No
104358,32,32500,14500,766,48,No
104359,31,64500,36000,747,24,No
104360,53,44500,58000,850,36,No
104361,38,47500,44000,774,36,Yes
104362,38,43500,38500,636,36,No
104363,32,190500,150000,725,48,No
104364,30,41500,54000,648,12,Yes
104365,21,23000,13500,656,36,No
104366,44,28000,14500,584,36,No
104367,39,75500,48000,669,36,No
104368,33,96500,108000,731,24,No
104369,34,41500,14000,685,48,No
104370,42,94000,41000,608,36,No
104371,21,75000,34500,576,24,No
104372,30,51000,47500,848,48,No
104373,25,49500,46500,714,12,No
104374,51,59500,37500,628,36,Yes
104375,43,79500,41000,725,36,No
104376,21,65000,69500,850,12,No
104377,21,41500,10000,737,24,No
104378,34,51000,53500,481,12,Yes
104379,31,126500,56000,850,48,No
104380,23,61000,75500,551,48,No
104381,53,79000,53500,675,24,No
104382,38,69000,65000,605,24,No
104383,39,61500,21000,634,60,No
104384,29,57500,28500,711,24,No
104385,42,80000,80500,535,36,No
104386,32,74500,62000,683,48,No
104387,32,61500,67000,776,12,Yes
104388,40,41000,35000,627,60,Yes
104389,21,64500,55000,586,12,No
104390,49,53500,63500,680,48,Yes
104391,37,48500,33500,665,36,No
104392,47,169500,150000,645,24,No
104393,25,29000,18000,601,36,No
104394,27,82500,47500,729,60,No
104395,25,38500,42000,735,36,Yes
104396,37,58000,12500,610,12,No
104397,36,162000,64500,620,60,No
104398,31,36500,10500,700,24,No
104399,26,40500,32000,618,12,No
104400,24,54500,50500,703,12,No
104401,35,38500,8000,800,48,No
104402,31,79500,30500,686,24,No
104403,29,44000,24000,599,24,No
104404,49,72500,39000,719,60,No
104405,34,31500,10000,677,36,No
104406,46,26000,10500,679,36,Yes
104407,30,50000,58500,726,36,No
104408,37,28500,28500,742,24,No
104409,35,104000,56000,693,36,No
104410,21,29000,14500,685,36,Yes
104411,48,35500,10500,845,36,No
104412,34,65500,39500,780,48,No
104413,42,43000,28500,753,36,No
104414,28,29000,36000,700,24,No
104415,34,129500,136500,615,36,Yes
104416,27,36000,27000,775,48,No
104417,46,50500,18000,701,48,No
104418,38,50500,48000,647,48,No
104419,38,74000,94500,672,60,No
104420,47,67000,19500,618,48,No
104421,45,39000,46000,769,60,No
104422,42,48000,19500,741,36,No
104423,22,50000,50500,704,24,No
104424,29,75500,31000,687,36,No
104425,26,33500,30000,639,24,No
104426,42,128500,61000,530,24,No
104427,37,40000,33000,584,36,No
104428,22,55000,49000,634,36,Yes
104429,33,34000,31000,623,48,No
104430,22,32000,31500,712,36,No
104431,35,38000,10500,751,12,No
104432,21,36500,37000,680,60,No
104433,40,46000,17500,796,36,No
104434,38,36500,35500,631,24,No
104435,52,73500,25000,680,24,No
104436,43,39500,29500,686,24,No
104437,31,38000,24500,772,60,No
104438,42,46500,61000,698,24,No
104439,22,83500,77500,700,60,No
104440,26,60000,18000,566,36,No
104441,38,52500,53000,623,48,Yes
104442,21,30000,12500,772,12,No
104443,35,34000,18000,534,36,No
104444,26,32000,20500,791,36,No
104445,36,95000,104000,727,36,No
104446,25,68500,88000,634,60,No
104447,39,38500,48500,628,48,Yes
104448,35,43500,17000,832,24,No
104449,48,39000,10500,796,48,No
104450,35,38000,44000,681,24,No
104451,28,66500,35500,700,60,No
104452,33,48500,42000,642,36,Yes
104453,23,132000,150000,700,24,No
104454,39,93000,38500,639,36,No
104455,40,95500,60500,684,24,No
104456,57,73000,87500,826,60,No
104457,29,46000,43500,683,36,Yes
104458,33,70500,90000,611,24,No
104459,30,47500,44000,588,48,Yes
104460,37,109000,60000,700,24,No
104461,38,65000,73000,633,24,No
104462,35,61500,66000,708,36,No
104463,45,58000,74000,569,12,No
104464,29,114000,85000,742,48,No
104465,44,30000,23500,610,36,No
104466,40,119000,68000,693,24,No
104467,35,51000,26000,665,36,Yes
104468,32,30500,41000,819,36,No
104469,57,40000,53000,703,36,No
104470,28,27500,22500,836,36,No
104471,38,72500,94000,732,48,No
104472,28,35500,21500,797,36,No
104473,51,59000,69500,674,48,No
104474,43,88500,82500,716,12,No
104475,29,41500,42500,781,60,Yes
104476,40,49000,50500,758,24,No
104477,37,32000,30000,730,48,No
104478,30,46500,55000,665,36,No
104479,42,162000,105500,678,24,No
104480,39,76500,90000,775,36,No
104481,37,49000,20000,791,60,No
104482,35,42500,18500,646,48,No
104483,39,54000,55500,634,48,No
104484,37,58000,61500,622,36,No
104485,36,46000,57000,752,36,No
104486,29,68500,35500,620,24,No
104487,50,37000,10000,751,36,Yes
104488,26,37000,29000,731,36,No
104489,39,64500,78000,649,48,No
104490,32,33500,44000,807,48,No
104491,51,74500,88500,580,36,No
104492,27,54500,41500,814,36,No
104493,28,25500,30500,714,36,No
104494,26,57500,25500,534,24,Yes
104495,38,27000,34000,809,24,No
104496,23,73500,62500,763,36,No
104497,31,49500,32000,658,24,No
104498,21,119500,104000,618,36,No
104499,37,86500,95500,572,48,No
104500,30,35000,16500,850,36,No
104501,22,23500,7500,621,60,No
104502,45,40000,41500,595,60,No
104503,23,33000,42500,710,24,No
104504,42,118500,110500,567,36,No
104505,29,55000,20000,616,60,No
104506,49,81500,76500,765,24,No
104507,42,49000,16500,725,36,No
104508,26,51000,28000,661,60,Yes
104509,27,54500,13000,691,48,No
104510,40,87500,66500,657,48,Yes
104511,33,62500,35500,685,60,No
104512,33,35500,11000,633,24,No
104513,46,108500,60500,646,48,Yes
104514,28,48500,46000,644,48,No
104515,36,45500,24000,636,24,No
104516,44,18000,6500,768,12,No
104517,42,72000,59500,748,24,No
104518,34,57500,61500,620,48,No
104519,32,57500,66500,600,48,No
104520,21,46500,34500,678,60,No
104521,25,43000,44000,850,36,No
104522,38,47000,54500,613,36,Yes
104523,34,67000,65000,678,12,No
104524,36,72000,58000,697,60,No
104525,44,50000,13500,682,36,No
104526,24,82000,44000,656,48,No
104527,33,53000,30000,777,36,No
104528,37,44500,29000,724,24,No
104529,29,60000,77500,753,12,No
104530,48,31000,13500,734,48,No
104531,43,60500,50000,757,24,No
104532,38,29000,39000,809,48,Yes
104533,51,35500,32500,790,36,No
104534,22,23500,10500,850,36,No
104535,35,51000,66500,781,36,No
104536,38,108000,63500,640,12,No
104537,27,52500,13500,754,36,No
104538,38,72000,50000,743,36,No
104539,25,147500,70500,834,36,No
104540,41,65000,74000,617,36,Yes
104541,45,40000,18000,732,36,No
104542,37,42500,48500,639,36,No
104543,21,55000,13500,728,36,No
104544,26,42000,53500,674,24,Yes
104545,40,43500,11000,726,36,No
104546,35,83000,106000,584,24,Yes
104547,21,84500,24000,749,12,No
104548,46,27500,33000,705,12,No
104549,36,39000,45000,701,36,No
104550,28,45500,40000,836,24,No
104551,44,70500,17000,661,60,No
104552,29,89000,81500,716,48,No
104553,29,171000,150000,698,12,Yes
104554,38,45000,38000,705,36,No
104555,51,46000,42500,850,12,No
104556,50,70500,92500,695,24,No
104557,38,41500,56000,647,60,No
104558,39,52000,41500,830,36,Yes
104559,42,46000,14000,667,12,No
104560,24,18500,6500,570,60,No
104561,41,58000,59500,634,60,Yes
104562,28,51000,68000,597,36,No
104563,38,94000,66000,555,48,No
104564,33,55000,17000,663,48,No
104565,40,32500,19500,685,48,No
104566,36,49500,32000,779,36,No
104567,21,23000,31000,737,48,Yes
104568,37,33000,32500,734,36,No
104569,41,72000,24000,623,24,No
104570,39,49500,29000,756,12,No
104571,34,81000,20500,794,36,No
104572,50,24000,23000,720,24,No
104573,38,49500,48000,722,12,No
104574,39,45000,12000,595,36,Yes
104575,44,82000,48000,769,60,Yes
104576,38,73000,90500,824,24,No
104577,27,72000,83000,714,36,No
104578,21,105000,90500,645,48,Yes
104579,31,47000,35500,678,36,Yes
104580,42,96500,129500,658,48,No
104581,32,35500,36500,663,36,No
104582,42,35000,45500,739,36,No
104583,36,75500,21500,711,24,No
104584,47,29000,13000,765,36,No
104585,32,70000,16500,718,36,Yes
104586,39,57500,69000,625,12,No
104587,40,86500,86500,652,24,No
104588,49,53500,21500,648,36,No
104589,21,56500,74500,676,36,No
104590,31,68000,88500,825,36,No
104591,43,41500,19000,837,48,No
104592,49,41000,38500,753,48,No
104593,37,67000,65000,699,12,No
104594,32,54500,11000,588,60,No
104595,42,46500,46000,707,48,No
104596,43,53000,24000,631,36,No
104597,32,107500,133000,812,36,No
104598,38,45500,53000,570,36,No
104599,46,45000,56000,719,60,No
104600,52,27000,29000,624,36,No
104601,42,54000,21000,689,36,No
104602,35,72500,44500,740,60,No
104603,35,78000,79000,767,36,No
104604,40,57500,33000,685,24,No
104605,34,82000,83500,747,36,Yes
104606,37,75000,44000,640,48,Yes
104607,25,88000,35500,708,36,No
104608,47,83000,66000,765,36,No
104609,25,106500,105500,715,36,No
104610,31,51000,40500,650,36,No
104611,36,31500,29500,669,60,No
104612,53,72500,51000,766,36,No
104613,31,76500,84000,608,36,Yes
104614,29,106500,101000,619,48,No
104615,30,94000,81000,735,24,No
104616,50,124500,87000,657,12,No
104617,21,71500,58500,581,60,Yes
104618,26,60500,15500,791,48,No
104619,60,30500,29500,608,36,No
104620,40,62500,27000,675,12,No
104621,25,43500,51500,644,24,No
104622,35,60000,68000,668,12,No
104623,36,56500,45500,624,36,No
104624,43,67000,78500,744,36,No
104625,52,53000,51500,698,24,No
104626,38,81500,29500,764,36,No
104627,30,18000,19000,644,60,No
104628,42,59500,80000,850,60,No
104629,29,91000,22500,547,48,No
104630,26,120500,58000,571,36,Yes
104631,21,75000,66500,821,36,No
104632,21,111500,75500,726,36,No
104633,27,59000,55000,716,24,No
104634,24,55000,48000,722,60,No
104635,38,68500,76000,733,36,No
104636,24,55000,15500,712,36,No
104637,21,39500,28000,618,24,No
104638,26,44500,53000,751,24,No
104639,31,34500,21500,740,60,No
104640,30,68500,53500,797,24,No
104641,49,55500,12500,822,12,No
104642,29,47500,21500,715,36,No
104643,43,43500,32000,598,48,Yes
104644,35,68000,45000,823,24,No
104645,35,76500,78000,614,24,No
104646,27,34000,30500,715,48,No
104647,34,32000,39000,671,60,No
104648,28,82000,97000,658,36,Yes
104649,37,31000,15000,747,48,No
104650,33,69000,15000,708,36,No
104651,26,108500,128500,728,48,Yes
104652,44,108500,63000,629,36,No
104653,39,75000,45000,677,48,No
104654,31,74000,28500,632,48,No
104655,36,141500,141000,675,36,No
104656,34,20500,10500,681,24,No
104657,27,45500,18500,828,48,No
104658,36,78500,61000,671,12,No
104659,29,47500,50500,531,36,No
104660,26,92500,47000,795,36,No
104661,21,54000,55500,724,12,Yes
104662,32,58000,42500,680,48,No
104663,40,49000,32500,657,36,Yes
104664,29,44000,27000,619,60,No
104665,58,43500,16000,835,24,No
104666,43,61500,36000,694,12,No
104667,47,39500,48000,560,24,No
104668,42,82000,26000,715,36,No
104669,52,72500,94500,780,36,No
104670,28,87500,28500,702,36,No
104671,21,34000,21000,622,24,Yes
104672,31,27000,24000,616,60,No
104673,40,55000,64000,621,24,Yes
104674,36,186000,68000,804,36,No
104675,37,93500,34000,685,60,No
104676,47,43500,40000,564,36,No
104677,38,65500,35000,719,36,No
104678,42,74500,70000,701,60,No
104679,27,31000,35500,656,36,No
104680,25,98000,28500,613,12,No
104681,50,51500,60500,610,12,No
104682,36,53000,13000,771,60,No
104683,29,55500,68500,709,36,No
104684,29,89000,117500,726,48,No
104685,29,40000,38500,708,12,No
104686,29,27000,36000,715,24,No
104687,23,63000,72000,655,60,No
104688,21,23500,6000,675,60,No
104689,33,48500,10000,777,12,No
104690,30,90500,20500,796,24,No
104691,45,70000,50500,598,48,No
104692,38,85000,78000,674,36,Yes
104693,37,71500,54000,753,36,No
104694,28,151500,148500,831,24,No
104695,34,43000,31000,824,60,No
104696,38,65000,16000,630,24,No
104697,41,46000,21000,786,36,Yes
104698,34,82000,110000,694,36,Yes
104699,45,53500,32000,768,24,No
104700,35,113000,65000,749,36,No
104701,42,44000,16500,595,36,No
104702,31,99500,133000,731,36,No
104703,21,70500,33000,765,36,No
104704,37,54500,51500,688,24,No
104705,42,69000,17000,672,60,No
104706,40,61500,17000,572,36,Yes
104707,39,64000,65500,741,36,No
104708,32,50500,47000,706,12,No
104709,28,41000,40500,621,36,No
104710,40,48000,22500,666,48,No
104711,39,27000,36000,702,36,No
104712,30,78500,66000,648,48,Yes
104713,45,32500,42500,690,24,Yes
104714,27,50000,19500,559,60,No
104715,30,72000,48000,791,24,No
104716,50,78000,45500,691,36,No
104717,43,26000,28000,608,36,No
104718,32,53000,56000,506,12,No
104719,38,66500,50500,767,36,No
104720,36,56000,12000,732,24,No
104721,21,96500,38500,706,48,No
104722,27,39000,10000,755,48,No
104723,35,23500,27500,755,36,No
104724,32,77500,41500,705,36,No
104725,37,44000,15000,671,36,No
104726,45,26500,16000,659,48,No
104727,32,51500,15000,722,36,No
104728,25,92000,122000,795,36,No
104729,38,32500,18500,682,24,No
104730,32,146500,150000,801,24,No
104731,34,38500,38000,718,36,No
104732,32,57000,48500,719,48,No
104733,55,33000,24500,850,48,No
104734,21,56000,55500,814,60,No
104735,32,52000,51500,816,36,No
104736,35,29500,6500,630,36,No
104737,28,180000,150000,850,48,No
104738,43,44500,27500,684,36,No
104739,42,44500,27000,673,36,No
104740,35,82500,55000,528,36,No
104741,33,118000,116500,714,24,No
104742,34,88500,56000,609,36,Yes
104743,34,33000,21000,721,36,No
104744,34,60000,16500,603,36,Yes
104745,33,25000,17000,825,36,No
104746,37,80500,30000,731,24,No
104747,42,27500,32500,850,24,No
104748,24,39500,23000,613,48,No
104749,26,55000,72000,806,60,No
104750,21,66500,65500,555,60,No
104751,43,49500,53000,706,48,No
104752,37,104000,134000,643,24,Yes
104753,40,74500,35500,656,24,No
104754,22,72000,61500,651,36,No
104755,51,33000,8000,621,36,No
104756,30,112500,35500,596,48,No
104757,37,39500,24500,657,24,No
104758,43,114000,112500,699,60,No
104759,26,128500,148500,777,36,No
104760,30,68000,33500,712,36,No
104761,37,85000,90000,777,60,No
104762,61,18000,8000,579,36,No
104763,38,50500,10500,658,48,No
104764,49,87500,23000,743,48,No
104765,46,81000,70500,716,48,No
104766,38,33000,25500,625,48,No
104767,26,48500,25000,760,36,No
104768,45,19000,5000,650,36,No
104769,22,65500,56000,632,48,No
104770,49,25000,28500,727,36,No
104771,37,88500,24500,690,36,No
104772,21,90500,94500,651,36,No
104773,32,45000,42000,648,24,No
104774,41,68500,51500,610,36,No
104775,33,50000,13000,660,60,No
104776,41,61000,77000,773,36,No
104777,27,34000,25500,708,36,No
104778,23,71500,47000,762,24,No
104779,34,27500,32500,729,36,Yes
104780,35,25500,30000,644,36,No
104781,32,52500,54500,566,48,Yes
104782,46,50500,58500,620,24,No
104783,27,61500,21000,640,24,Yes
104784,38,42000,45000,634,12,Yes
104785,36,121500,70000,764,12,No
104786,21,59000,70500,763,48,No
104787,23,60500,38000,850,60,No
104788,35,60000,15500,633,48,No
104789,53,84000,57000,810,60,Yes
104790,40,70000,75000,809,24,No
104791,21,66000,51000,673,60,Yes
104792,21,75000,81000,726,36,No
104793,42,25500,6000,783,48,No
104794,34,26000,10500,686,36,Yes
104795,45,53500,45500,680,36,No
104796,27,50500,32500,643,36,No
104797,38,70000,69000,513,24,Yes
104798,43,55500,72500,695,36,No
104799,31,70000,67000,637,36,No
104800,31,32500,22000,609,60,No
104801,35,55000,45500,722,12,No
104802,40,31500,39500,581,36,Yes
104803,35,64500,63000,750,36,No
104804,44,25000,28000,726,12,No
104805,31,63500,34500,660,36,Yes
104806,23,29500,31000,685,36,No
104807,53,47000,17000,601,36,No
104808,30,80000,85000,746,24,No
104809,30,60500,73500,704,12,No
104810,34,27500,34000,710,36,No
104811,36,41500,14000,728,48,No
104812,32,29500,34000,642,48,No
104813,35,27000,9000,576,24,Yes
104814,35,58000,43500,762,36,No
104815,37,69500,68500,742,60,No
104816,21,66000,50000,650,24,No
104817,52,71000,42000,721,24,No
104818,34,54500,54000,784,12,No
104819,40,49000,47000,775,24,No
104820,23,35000,30500,648,48,No
104821,31,45500,37000,578,48,Yes
104822,29,31500,32000,591,36,No
104823,48,38500,25500,667,36,No
104824,30,57000,16000,800,48,No
104825,42,52500,43000,635,24,No
104826,29,199000,150000,645,24,Yes
104827,31,31500,17000,644,24,No
104828,33,52000,19000,650,60,No
104829,47,30000,37500,689,48,No
104830,21,46500,55500,594,36,Yes
104831,23,47500,43500,771,48,No
104832,21,78500,86500,679,24,No
104833,25,45500,60000,850,36,No
104834,28,51000,43500,602,48,No
104835,21,46000,22000,809,60,No
104836,28,30500,28500,794,36,No
104837,21,42000,52500,659,24,No
104838,26,47000,46500,660,60,No
104839,46,56500,13000,621,36,No
104840,39,69500,87000,622,36,No
104841,37,50000,53500,690,24,No
104842,26,49500,33000,692,12,No
104843,21,26500,35500,570,36,Yes
104844,25,69000,71000,850,36,Yes
104845,35,41000,47000,671,24,Yes
104846,43,75500,97000,695,24,No
104847,43,95500,23500,643,36,No
104848,41,51000,55500,670,36,No
104849,28,36000,23000,663,36,No
104850,35,54500,65500,690,24,No
104851,32,63500,77000,689,60,No
104852,33,48000,55500,750,60,No
104853,53,43500,47500,707,36,No
104854,21,69500,77500,743,48,No
104855,33,68000,37000,689,60,No
104856,46,47500,31500,707,12,No
104857,22,27500,9000,672,60,No
104858,29,66500,77000,765,36,No
104859,30,40000,37500,714,36,Yes
104860,33,60000,54500,678,36,No
104861,21,58500,28500,676,24,No
104862,40,25000,22500,682,48,Yes
104863,41,57000,41000,692,48,No
104864,40,68500,92000,686,24,No
104865,27,72000,86000,648,36,No
104866,36,58000,46500,747,60,No
104867,27,24000,27000,752,60,Yes
104868,32,94000,36500,824,36,Yes
104869,54,65500,20500,645,24,No
104870,36,33000,30500,740,36,No
104871,24,39500,41000,547,24,No
104872,37,60500,16000,752,48,No
104873,23,73000,31500,581,48,No
104874,24,45000,37000,616,60,No
104875,26,78000,21000,715,12,No
104876,31,26000,18000,643,60,No
104877,43,35500,27000,633,60,No
104878,40,23000,29000,654,36,No
104879,40,37500,21000,745,60,No
104880,25,103500,41000,620,36,No
104881,30,130500,27000,686,36,Yes
104882,37,60500,20500,662,24,No
104883,29,42000,44500,751,12,No
104884,32,50000,35500,754,12,No
104885,39,67000,28500,552,48,No
104886,32,28500,36500,768,36,No
104887,37,43000,47500,644,12,No
104888,49,100500,33500,708,24,No
104889,33,35500,18000,620,36,No
104890,46,40000,47000,718,60,No
104891,40,55500,55500,850,36,No
104892,22,62000,80000,700,48,Yes
104893,25,42500,12000,656,60,No
104894,27,57000,62000,673,48,No
104895,27,71000,20500,580,48,No
104896,34,125500,73500,799,36,No
104897,41,52000,55500,713,60,Yes
104898,46,54000,55000,611,36,No
104899,38,104500,21000,614,48,No
104900,31,43500,19000,691,36,No
104901,21,31500,34500,760,24,No
104902,36,61000,21000,604,48,No
104903,35,86500,50000,774,48,No
104904,37,64000,26500,683,60,No
104905,54,53000,17500,620,60,No
104906,46,30000,35000,655,48,No
104907,42,53500,14500,821,36,No
104908,26,92500,75500,586,60,No
104909,30,33000,33000,635,24,No
104910,34,49500,13000,761,12,No
104911,28,46500,43000,706,36,Yes
104912,40,41000,24000,631,36,No
104913,38,61000,70500,762,36,No
104914,25,66500,74500,766,48,No
104915,46,66000,73500,715,12,No
104916,36,36500,24000,644,48,Yes
104917,21,27500,31500,656,36,Yes
104918,35,61500,57000,711,60,No
104919,38,44500,28500,592,36,No
104920,44,119000,35000,790,36,No
104921,32,121500,33500,818,48,No
104922,42,127000,62000,672,36,No
104923,37,37000,20000,717,24,No
104924,23,70000,88500,779,12,No
104925,22,79500,107500,837,24,No
104926,45,75500,27500,807,36,No
104927,46,47500,61000,560,36,No
104928,38,94000,95000,666,36,No
104929,48,55000,42500,728,48,No
104930,45,58000,75500,653,12,No
104931,41,29000,29500,824,24,No
104932,27,72000,63500,812,48,Yes
104933,51,49500,22000,629,48,No
104934,40,67000,32000,678,48,No
104935,32,60500,75500,634,48,Yes
104936,29,59500,26500,675,60,No
104937,37,54000,13000,673,60,No
104938,21,76500,38500,762,36,No
104939,41,50500,38000,623,36,No
104940,26,30000,19000,494,12,No
104941,38,70000,89500,570,36,Yes
104942,30,39000,26500,613,36,No
104943,33,31500,38500,641,24,Yes
104944,28,36000,32000,704,24,No
104945,34,62000,50000,609,60,No
104946,52,53000,20500,599,12,No
104947,47,22500,11500,620,48,No
104948,38,47000,56500,606,60,No
104949,35,90000,98500,648,48,Yes
104950,43,45500,32500,645,12,Yes
104951,45,51500,64000,742,48,No
104952,28,85000,97000,616,36,Yes
104953,34,77000,25500,663,36,No
104954,21,84500,76000,649,36,No
104955,45,18000,20000,751,24,No
104956,54,114000,129000,678,48,No
104957,36,72000,22000,769,60,No
104958,21,154500,71000,604,36,Yes
104959,40,39500,26500,686,60,No
104960,27,26000,12500,647,36,No
104961,29,55000,18000,598,60,No
104962,41,49000,45000,685,48,No
104963,37,72500,57000,820,24,No
104964,31,86500,32500,626,60,No
104965,29,53000,46500,680,60,No
104966,36,49500,13500,592,36,No
104967,31,68500,44000,581,48,No
104968,25,49500,55000,631,24,No
104969,32,47500,58000,656,12,No
104970,38,85000,41000,660,24,No
104971,33,93500,111000,673,36,No
104972,22,86500,106000,566,12,Yes
104973,44,51000,46000,643,24,No
104974,21,22500,30000,728,60,No
104975,31,51500,25000,588,36,No
104976,29,40000,11000,663,48,No
104977,36,52000,61000,712,24,No
104978,40,41500,31500,631,24,No
104979,45,54500,32500,716,48,No
104980,29,35500,9500,576,36,No
104981,40,32000,9000,757,36,No
104982,37,92000,28000,717,60,No
104983,21,36500,15000,694,36,No
104984,52,55000,72500,774,36,Yes
104985,22,82000,43000,665,36,No
104986,39,80500,91500,644,24,No
104987,39,77000,17000,793,48,No
104988,37,62500,35500,828,36,Yes
104989,31,74500,92500,638,24,No
104990,42,98000,40500,681,36,No
104991,21,65500,34500,768,36,No
104992,34,25500,29500,684,36,No
104993,30,44000,15000,735,60,No
104994,29,73500,19000,749,48,No
104995,39,42500,55500,648,36,No
104996,45,108500,72000,721,60,No
104997,32,53500,51000,690,48,No
104998,42,57000,19500,599,12,Yes
104999,35,88000,40000,616,24,No
105000,27,51000,37000,641,24,No
